"LocationID","CountyName","Xstar","X_full","Xstar_time","Xstar_q20","X_time","O_POP","Y_BPHIGH","Y_CHD","Y_DIABETES","Y_OBESITY","X_partial"
37001020100,"A",0.347950132952897,1.1172772,0.00099999998928979,23.9122409872649,28.1790000000037,3908,1486,290,481,1489,NA
37001020200,"A",0.424759161111733,0.4554862,0,24.6927915718102,16.304999999993,4152,1761,366,681,1840,NA
37001020300,"A",0.240340245486785,0.5176262,0.00099999998928979,25.1576840484385,15.9340000000084,8063,3347,694,1226,3290,NA
37001020400,"A",0.573908013639248,0.6095934,0,24.560456796905,14.9290000000037,6059,2788,479,1085,2842,NA
37001020501,"A",0.892569603050251,1.2347218,0.00100000001839362,22.5416082621651,14.9190000000235,3575,1166,215,347,1195,NA
37001020502,"A",0.764252074471656,1.3198536,0,23.9093097885497,15.2989999999991,3782,1457,243,507,1600,1.3198536
37001020601,"A",0.454554261343621,0.7599722,0,22.388169868307,15.1800000000221,3234,1207,243,324,938,0.7599722
37001020602,"A",0.669888763812691,0.9998326,0,23.152360280243,14.5570000000007,2414,896,189,242,720,NA
37001020701,"A",0.640019168121105,1.0309026,0,22.3965659766227,15.2900000000081,4519,1731,362,511,1460,NA
37001020702,"A",0.802251894085406,0.9762194,0,23.5152761847031,14.8709999999846,4742,1769,342,574,1859,NA
37001020801,"A",0.794942050618911,1.0122606,0,23.6862163919504,13.1509999999835,1450,549,116,172,507,NA
37001020802,"A",0.346838299227191,0.3809182,0.00100000001839362,24.3002300597605,14.4689999999828,5857,2449,504,938,2578,0.3809182
37001020901,"A",0.822166122812273,1.3931788,0,24.0030900400512,14.8440000000119,3583,1226,226,366,1262,NA
37001020902,"A",1.29122924458554,1.9027268,0,24.3953390023259,15.1559999999881,3380,1211,230,362,1187,NA
37001021000,"A",0.52424184663389,0.6176716,0,24.4623712929057,14.887000000017,3720,1663,346,651,1708,NA
37001021101,"A",1.00727309946842,1.4522118,0,24.9004812384516,14.9230000000098,2668,1054,201,339,1022,NA
37001021102,"A",0.838592027954325,1.1079562,0,25.250365766561,14.960000000021,3318,1304,273,422,1228,NA
37001021201,"A",0.363725724536835,0.475371,0,26.724593149764,15.2799999999988,5252,2164,415,767,2170,NA
37001021204,"A",1.71333841295812,2.3507562,0,28.2686274816519,15.1539999999804,4280,1537,283,463,1528,NA
37001021205,"A",0.416226158270902,0.5735522,0,29.3851445535463,15.1289999999863,4636,1521,251,432,1595,NA
37001021206,"A",0.806884665474131,1.0731578,0.00099999998928979,28.6731752150607,14.5810000000056,4320,1331,204,376,1508,NA
37001021207,"A",0.75287117029876,1.109199,0,29.7227623835886,14.9510000000009,3086,1118,213,343,1130,NA
37001021300,"A",5.07135387229347,5.96544,0,29.991850271512,15.0299999999988,6057,2429,418,782,2326,NA
37001021400,"A",3.98681417484088,4.9419942,0.00100000001839362,26.2906074286948,14.9280000000144,2650,989,197,289,917,NA
37001021500,"A",5.51426530273748,6.7477826,0.00099999998928979,23.6067203013835,14.8410000000149,4681,1686,319,497,1634,NA
37001021600,"A",1.35404529451369,1.388829,0,21.3252052974749,13.3269999999902,6934,1762,326,486,2032,NA
37001021701,"A",1.08400061336694,1.2191868,0,20.1188677287563,14.4769999999844,3237,1188,247,298,874,NA
37001021702,"A",0.584686725284897,0.655577,0.00100000001839362,21.2490201601224,14.8910000000033,5282,1506,286,444,1596,NA
37001021703,"A",0.329566096316264,0.9159436,0,21.5342795232299,14.4569999999949,4866,1494,258,404,1504,NA
37001021801,"A",4.9490820448733,5.8492382,0,22.6761022581571,15.4979999999923,4441,1568,302,445,1479,5.8492382
37001021802,"A",7.53235281108208,8.9680448,0,23.6341235463783,14.4830000000075,3553,1159,214,327,1237,NA
37001021803,"A",4.86366572918424,5.3496326,0,23.6387846328402,15.814000000013,2879,1025,205,303,1020,NA
37001021901,"A",4.38690767544098,4.9767926,0,25.6218147343594,14.7359999999753,4535,1556,291,445,1538,NA
37001021902,"A",10.0659043545091,13.2861534,0,29.1577076046517,15.2669999999925,4423,1429,248,403,1500,NA
37001022001,"A",4.73750142678454,6.2164856,0,28.0602729673488,15.0370000000112,3319,1132,210,329,1132,NA
37001022002,"A",5.16028618915719,6.8844906,0,30.4582722060179,15.3159999999916,4276,1540,283,492,1647,NA
37033930100,"B",10.7972695551627,13.1314248,0.00099999998928979,45.2490807699967,25.9210000000021,2436,1070,191,383,980,NA
37033930200,"B",0.61402040571339,0.9712482,0,37.5002178950817,15.7490000000107,5838,2493,468,870,2353,0.9712482
37033930300,"B",8.12753595023783,11.825242,0,38.3429584975691,15.1760000000068,4165,1687,359,579,1558,NA
37033930400,"B",6.44290033665541,8.5572994,0,32.3599827285017,16.6520000000019,2643,1031,188,336,973,8.5572994
37033930500,"B",5.01708667504635,6.099041,0,27.3538158642253,14.9130000000005,3847,1459,266,474,1401,6.099041
37033930600,"B",8.51839106650543,11.4859576,0,35.4962243564798,14.6350000000093,4790,1864,350,604,1711,11.4859576
37057060101,"C",1.21670392481157,2.0618052,0,11.7830511518596,19.3059999999823,5633,1572,243,412,1769,NA
37057060102,"C",2.90419473482952,3.709758,0,11.0040828870751,13.4220000000205,7213,2352,426,614,2208,3.709758
37057060201,"C",4.2414733910103,5.3744886,0.00099999998928979,11.1871663079507,12.8960000000079,4909,1812,344,531,1645,NA
37057060202,"C",2.28500027414545,3.1268848,0,10.8028288653551,13.0290000000095,2424,893,187,279,871,NA
37057060203,"C",3.22768110875492,4.2746106,0.00099999998928979,11.7909233407659,11.4000000000233,5528,1852,349,515,1764,NA
37057060301,"C",1.62412957554225,2.1699288,0.00100000001839362,12.4113933616151,11.6229999999923,4534,1556,282,427,1460,NA
37057060302,"C",1.96295197735569,2.5023778,0,12.2110427308609,11.2140000000072,3620,1163,203,312,1141,2.5023778
37057060303,"C",4.21577747596742,6.1972222,0.00099999998928979,14.6084658995296,11.7069999999949,4372,1469,276,403,1404,NA
37057060304,"C",2.69955034832092,3.8414948,0,13.9496123392691,10.9320000000007,3445,1165,221,331,1168,NA
37057060400,"C",1.5400933992388,2.2003774,0.00100000001839362,14.0565919228789,11.1240000000107,5533,1920,382,554,1815,2.2003774
37057060500,"C",0.163813104692047,0.3150498,0,15.9842187066039,11.0529999999853,5499,2085,446,633,1898,NA
37057060601,"C",1.4106550370671,1.7187924,0,13.6912260680471,11.1959999999963,4342,1333,235,370,1459,NA
37057060602,"C",1.08963288432523,1.2782198,0,13.466892768175,11.2460000000137,2563,877,172,244,805,NA
37057060700,"C",0.0594202252803854,0.0594202252803854,0,15.1479225083581,11.2179999999935,4915,1908,354,644,1903,NA
37057060800,"C",0.918909418391705,1.5155946,0,15.8686262202105,10.8299999999872,4538,1965,391,718,1852,1.5155946
37057060900,"C",1.2223312678154,1.5851914,0,16.4666076025235,11.4279999999853,5471,1883,362,580,1954,NA
37057061000,"C",0.603011365033934,0.9426638,0.00100000001839362,15.5668384473234,11.1480000000156,5158,1899,377,609,1868,NA
37057061100,"C",0.423030760829321,0.4921488,0,17.3415305515524,11.5190000000002,6744,2550,554,763,2273,NA
37057061201,"C",0.492452410562627,0.540618,0,16.5110691920473,11.3769999999786,5844,2373,526,813,2104,NA
37057061202,"C",2.10439077460547,2.8826746,0.00099999998928979,16.4970980970592,11.3769999999786,2857,1069,223,315,960,NA
37057061300,"C",0.396037871138071,0.5182476,0,17.1757156790016,11.8379999999888,2176,819,166,257,769,NA
37057061400,"C",0.0675246401328899,0.1162018,0.00099999998928979,17.4425224654791,11.1469999999972,3398,1441,289,541,1499,NA
37057061500,"C",0.585765299231515,1.0172318,0,18.4469385471542,11.5740000000224,6214,2803,578,1032,2542,NA
37057061600,"C",0.663125945207435,1.621854,0.00100000001839362,17.9855042575504,11.4799999999814,2926,1139,238,396,1156,NA
37057061701,"C",2.91185302603918,4.7089692,0.00099999998928979,19.0599714974938,11.8980000000156,4857,1662,331,467,1560,NA
37057061702,"C",1.21603339423086,1.5205658,0,19.2671793651859,11.4920000000275,6730,2504,525,788,2430,NA
37057061703,"C",1.8290933190317,2.4116534,0,21.009023362293,11.747000000003,4349,1505,296,453,1549,NA
37057061802,"C",3.18800559474424,6.652087,0.00099999998928979,21.4584539260102,11.1739999999991,6740,2279,445,641,2191,NA
37057061803,"C",1.4320969747411,2.3749908,0,20.9429870651233,11.3340000000026,3503,1244,228,368,1192,NA
37057061804,"C",1.84853993796745,2.336464,0,24.2357865169298,9.41000000000349,6536,2406,478,726,2268,NA
37057061901,"C",2.63999254065832,3.8750504,0,19.021525232341,9.43299999998999,6301,2187,442,631,2099,NA
37057061902,"C",1.8965126442011,2.6863122,0,20.7136274043687,15.098,5308,1996,436,611,1821,NA
37057062001,"C",3.19389139681457,5.0376898,0,25.5963135924172,11.5749999999998,4677,1675,337,487,1553,NA
37057062002,"C",0.565230928588468,0.7376018,0,25.3593926840942,11.5950000000012,4021,1593,366,499,1404,NA
37059080100,"D",2.97769284980395,3.7638198,0,22.5831498788133,14.3619999999937,7745,2649,550,829,2642,3.7638198
37059080200,"D",2.82104462165154,3.6339472,0,15.9314077530147,11.9279999999853,5207,1724,344,506,1646,NA
37059080300,"D",1.93673053669012,2.9963908,0,15.4037308453251,10.1500000000233,8657,3160,702,935,2606,2.9963908
37059080400,"D",1.87990772431696,2.5937236,0.00100000001839362,17.2811810273106,11.0249999999942,5151,1633,315,469,1602,2.5937236
37059080500,"D",1.64862542554122,2.0698834,0,19.5107561839298,11.7669999999925,4428,1471,288,470,1519,2.0698834
37059080600,"D",0.698060372254877,1.7100928,0,20.0542052798045,13.0460000000003,3659,1373,308,436,1193,NA
37059080700,"D",1.86985858527474,1.938768,0,21.1469507962204,11.5620000000054,6393,2296,486,761,2296,NA
37067000100,"E",0.328458097870831,0.431873,0,8.93525194810983,11.6689999999944,2052,559,78,156,663,NA
37067000200,"E",0.155139334864583,1.0520302,0,8.95938934997013,11.0840000000026,1103,465,83,175,471,NA
37067000301,"E",0.410599597397303,0.4853134,0,9.10979692680887,10.9250000000175,1799,909,166,402,893,NA
37067000302,"E",0.316407157117792,0.4809636,0.00100000001839362,9.20222557046463,10.8949999999895,1859,908,168,382,850,NA
37067000400,"E",0.530922636510856,0.919672,0,9.52845748976509,11.0989999999874,3251,1496,264,631,1532,NA
37067000500,"E",0.396979928878179,0.565474,0,8.94333108124959,10.8479999999981,2391,1155,204,498,1170,NA
37067000600,"E",0.40247086865633,0.5573958,0.00099999998928979,9.00454088127943,10.8490000000165,2056,1076,206,484,1012,NA
37067000700,"E",0.147840305829722,0.494013,0,9.13239564177751,10.9360000000161,1764,858,159,362,800,NA
37067000801,"E",0.465647334752514,0.9613058,0.00100000001839362,9.12755425298445,10.9079999999958,3062,711,68,175,1179,NA
37067000802,"E",0.0347685429931801,0.0347685429931801,0,8.94485133718488,10.7790000000095,2100,681,114,265,857,NA
37067000900,"E",0.358090843759486,0.5946798,0.00100000001839362,8.74196099201265,11.6630000000005,3508,1130,225,397,1204,NA
37067001000,"E",0.342768889811299,0.7562438,0,9.22490140385035,10.8890000000247,4652,1229,210,377,1526,NA
37067001100,"E",0.511747617074432,0.5803876,0.00100000001839362,9.20957282554704,10.9750000000058,2254,683,122,210,729,NA
37067001200,"E",0.691127300672619,0.9961042,0,9.358158868774,10.7360000000044,1959,692,151,185,484,NA
37067001300,"E",1.13681562646847,1.5665494,0.00099999998928979,10.0291729964094,10.9530000000086,4535,767,150,200,998,NA
37067001400,"E",0.378949141337767,0.4989842,0,10.2439821062105,11.2289999999921,3710,1492,264,590,1618,NA
37067001500,"E",0.619003954890508,0.9147008,0,9.7005975928261,10.8710000000137,4095,1561,279,602,1733,NA
37067001601,"E",0.868538952139525,1.9238544,0,9.30329816865609,10.9249999999884,3652,1739,285,658,1520,NA
37067001602,"E",0.849492950777458,1.4285986,0.00099999998928979,8.55935336552014,10.9010000000126,3077,1441,247,588,1419,NA
37067001700,"E",1.3944581754039,2.0997106,0,9.13305288912077,10.9840000000258,5231,2082,330,764,2140,NA
37067001800,"E",0.670392778084774,0.953849,0,9.36498392202014,11.2550000000047,4207,1873,341,762,1839,NA
37067001901,"E",0.202939335635714,0.3125642,0.00100000001839362,9.19122540903227,10.9719999999797,1549,622,126,265,698,NA
37067001902,"E",0.487451557012538,0.581009,0,8.70796908981375,10.8260000000009,1917,645,127,221,693,0.581009
37067002001,"E",0.607804641764906,0.7724002,0,9.29187350592303,10.9690000000119,2367,1016,211,415,1042,NA
37067002002,"E",0.419412371955,1.0153676,0,9.51008088606395,10.9569999999949,3072,1171,252,437,1196,NA
37067002100,"E",0.242634087514301,0.5511818,0,10.135986200141,10.8420000000042,2151,689,145,196,614,NA
37067002200,"E",0.483627114315173,0.705289,0,9.95992114436192,10.6669999999867,3742,985,176,259,1000,NA
37067002501,"E",0.0892039738136167,0.090103,0,9.8608016377344,10.8910000000033,2590,749,140,190,643,NA
37067002502,"E",0.93618394475169,1.3217178,0,10.1772161600008,11.0380000000005,2770,892,181,236,707,NA
37067002601,"E",0.827345800321078,1.3534092,0,10.3352049110022,10.8859999999986,2481,819,169,224,643,NA
37067002603,"E",0.941939766606428,1.3552734,0.00100000001839362,9.8515879884866,11.4919999999984,6553,2006,374,564,1855,NA
37067002604,"E",0.93797072886729,1.5242942,0,10.8547380887237,12.1640000000189,6441,1971,348,580,1984,NA
37067002701,"E",0.626693188648387,0.935207,0.00099999998928979,11.281433053623,11.122000000003,5864,1971,335,687,2229,NA
37067002702,"E",0.265321322296604,0.565474,0,10.7682752347292,11.1510000000126,5675,2248,460,812,2163,NA
37067002703,"E",0.443261789962471,0.8923304,0,10.3793459310033,10.9679999999935,6039,1728,327,550,1945,NA
37067002801,"E",3.23075137210343,4.0627132,0,14.7902698689432,11.7099999999919,4236,1386,276,403,1292,4.0627132
37067002804,"E",0.785863284725797,1.0961496,0,11.6963214392592,11.1130000000121,4150,1436,270,474,1445,NA
37067002806,"E",0.0300812307962983,0.0534404,0,11.8029666773848,11.4809999999998,3274,1320,302,498,1277,NA
37067002807,"E",1.18563756587533,4.3516642,0,13.071928481472,11.7829999999958,5031,1766,348,549,1681,NA
37067002808,"E",3.09325994876564,4.7648952,0,14.8572549269475,11.2960000000021,3531,1109,212,325,1085,NA
37067002809,"E",2.93224225560368,3.9260052,0,13.0580273301521,11.9610000000102,2238,752,146,218,670,NA
37067002901,"E",2.05158305852267,2.9162302,0,10.6076861853747,11.9349999999977,4784,1785,364,622,1756,NA
37067002903,"E",1.59264219265857,2.2737026,0,10.523483862356,12.1359999999986,3828,1474,322,517,1379,NA
37067002904,"E",3.33677858362707,5.719987,0,12.629922571659,12.676999999996,2151,777,170,246,717,NA
37067003002,"E",1.2001588689562,1.205516,0,10.6673479780557,11.8470000000088,3932,1605,295,547,1436,NA
37067003003,"E",2.02873573797801,2.3725052,0.00100000001839362,11.3955835316429,12.3139999999839,3272,1067,200,324,1070,NA
37067003004,"E",1.32071326568883,2.8851602,0.00099999998928979,11.313501239435,12.0859999999811,3618,1187,232,351,1097,NA
37067003103,"E",2.75923671452319,3.4350992,0,12.9527736558086,12.6080000000075,5468,1553,274,427,1603,NA
37067003105,"E",1.83601462688996,2.1195954,0.00099999998928979,13.655840110465,11.63400000002,3649,1208,230,376,1223,NA
37067003106,"E",4.33655576700339,5.8697444,0,15.0439748926443,11.7360000000044,3099,986,193,289,967,NA
37067003107,"E",1.52946607039493,1.9362824,0,11.9902935831801,11.6339999999909,4391,1423,277,426,1388,NA
37067003108,"E",1.02435121896804,1.8169736,0,12.3582146245334,12.6840000000084,3495,1266,291,451,1287,NA
37067003201,"E",0.794746228450901,1.6317964,0,11.7815793642476,11.1299999999756,4774,1638,339,516,1547,NA
37067003202,"E",0.368552314377388,0.5151406,0,11.9217870078031,11.3210000000254,3904,1258,262,407,1289,NA
37067003307,"E",0.352796481721234,0.5194904,0,11.6217391273259,11.4409999999916,3405,1029,195,293,1025,NA
37067003308,"E",1.38372639274569,1.6610022,0,11.0637831282143,11.3509999999951,7880,2215,379,615,2357,NA
37067003309,"E",0.820590949039428,2.0145788,0.00099999998928979,10.2147396497771,11.4389999999839,4956,1760,288,600,1904,NA
37067003310,"E",1.54267014450248,2.4930568,0,10.508340791248,10.3760000000184,4061,1239,208,370,1397,NA
37067003311,"E",1.79586868153112,2.6726414,0,10.914377416692,11.7099999999919,1926,540,91,149,592,NA
37067003312,"E",1.18846634440434,2.4557728,0,11.1959431225281,12.3010000000068,2692,803,151,229,813,NA
37067003313,"E",2.28671802258529,2.612987,0,11.1491260109323,13.2749999999942,1458,549,126,177,493,NA
37067003314,"E",2.81025017184863,3.6811736,0,11.061740574531,11.4679999999935,3171,901,169,257,942,NA
37067003315,"E",0.972829732093273,1.7163068,0,11.4234179722553,11.3129999999946,3424,1106,226,336,1076,NA
37067003402,"E",1.51723185356812,2.6987402,0,10.7784191828309,11.5840000000026,2182,736,155,225,686,NA
37067003403,"E",1.41861703708736,2.5837812,0,10.4221865062964,11.127999999997,3412,1007,168,366,1355,NA
37067003404,"E",0.697950982727995,0.9532276,0,10.0658395054234,10.9280000000144,3917,1595,322,682,1822,NA
37067003500,"E",1.36977921589033,1.77099,0,10.2208522703756,11.4979999999923,6562,2442,466,919,2697,NA
37067003600,"E",0.482756437235279,0.7810998,0,10.822567260312,12.170999999973,5968,1839,347,567,1964,NA
37067003701,"E",0.66470607685074,2.3196862,0.00099999998928979,10.0324907137629,11.0219999999972,4830,1435,223,474,1812,NA
37067003702,"E",1.21242112358817,1.3975286,0.00100000001839362,10.521688690148,11.0080000000016,4514,1404,244,425,1495,1.3975286
37067003703,"E",1.12263886846738,2.3693982,0,11.9489289114491,11.3770000000077,6032,1617,242,447,1889,NA
37067003803,"E",1.51213667736111,2.665806,0,10.4337707768117,11.0260000000126,4567,1471,279,430,1412,NA
37067003804,"E",1.05354599773604,1.5019238,0,11.0614378911442,11.1670000000158,4100,1349,271,390,1185,NA
37067003805,"E",0.453825053731344,1.6349034,0,11.8688072067709,11.0720000000147,5573,1795,324,558,1823,NA
37067003806,"E",1.09390578398518,1.8511506,0.00099999998928979,11.1500299573963,11.1089999999967,3012,931,172,275,931,1.8511506
37067003903,"E",0.657642939796293,1.873521,0,11.2869850288368,11.1779999999853,4477,1451,265,475,1635,NA
37067003904,"E",0.774243507084385,1.2222938,0,12.0987165237863,11.1149999999907,5907,1784,343,509,1684,NA
37067003905,"E",0.687921299156845,1.2415572,0.00099999998928979,11.3014729630535,11.1529999999912,3607,1057,206,303,1014,NA
37067003906,"E",1.19197685150409,1.6634878,0,11.2344148415777,11.3699999999953,3436,1148,231,303,884,NA
37067003908,"E",1.00682672598447,1.578356,0,10.764407504492,10.9679999999935,3085,954,176,253,812,NA
37067003909,"E",0.837824830241527,1.1607752,0,11.5209796544918,10.9820000000182,4356,1272,227,340,1177,NA
37067004005,"E",0.89093377367511,1.2328576,0,13.1650326664987,11.6050000000105,4695,1498,292,409,1278,NA
37067004007,"E",2.23102373691004,2.85844,0,13.6014269733014,11.1779999999853,7104,2125,391,583,1975,NA
37067004009,"E",1.13386119884406,1.2620634,0,12.8982244933288,11.1240000000107,3802,1149,217,320,1103,NA
37067004010,"E",0.975306679928552,1.4503476,0,10.9926547139953,11.0080000000016,3392,865,143,224,889,NA
37067004011,"E",1.008104271727,2.3140936,0,12.2480787889158,10.9279999999853,5645,1666,305,475,1666,NA
37067004012,"E",1.25277280530536,1.8033028,0,12.5169366240554,10.7130000000179,5611,1645,309,472,1673,NA
37067004013,"E",0.151369692315553,0.4977414,0,12.4423251720187,11.109999999986,3083,941,189,287,925,NA
37067004014,"E",0.18046355585586,0.2274324,0,12.6257580166244,14.5839999999998,3016,993,209,290,875,NA
37067004015,"E",1.64350128581489,3.1299918,0.00100000001839362,13.2202678515,11.2330000000075,3296,940,169,261,963,NA
37067004102,"E",3.04839780757546,4.5138496,0.00099999998928979,13.7680509443493,11.1429999999818,3256,1166,251,365,1042,NA
37067004103,"E",0.826667709003116,1.015989,0,11.5033921821362,10.9499999999825,3478,1110,206,320,1054,NA
37067004104,"E",0.891162993521412,1.5056522,0,12.2202486025494,11.2480000000214,3429,1122,217,319,1009,NA
37081010100,"F",0.616416182897461,0.8593962,0,13.5657563640354,16.1680000000051,1561,670,113,253,728,NA
37081010200,"F",0.46523212467016,0.6816758,0,13.7819827216036,11.2399999999907,4070,1649,346,591,1665,NA
37081010300,"F",0.250541313336458,0.3243708,0,13.5072434975953,11.5329999999958,2426,973,209,355,915,NA
37081010401,"F",1.36626641408985,1.6510598,0,12.0402044238126,9.77999999999884,1453,402,76,105,425,NA
37081010403,"F",0.357595607006012,0.5076838,0.00100000001839362,12.2019713904258,10.4370000000054,1594,440,79,118,512,NA
37081010404,"F",0.920388366910387,1.115413,0,12.6143002241077,10.5800000000163,2502,754,143,186,669,NA
37081010500,"F",0.95746980341776,1.3409812,0,11.3766296115051,10.9740000000165,2173,609,109,161,646,NA
37081010601,"F",0.579911224302196,0.7966348,0,10.6720735140553,10.6449999999895,2780,704,137,192,834,NA
37081010602,"F",0.31398450730722,0.3840252,0,10.6345294105167,10.6269999999786,4592,850,134,216,1341,NA
37081010701,"F",1.02189572035462,1.342224,0,11.3922718357862,10.8549999999814,1919,427,72,108,544,NA
37081010702,"F",0.570105258867695,0.941421,0,11.1066190837029,12.7309999999998,4307,560,69,112,1146,NA
37081010800,"F",0.754986518293096,0.8848736,0,11.899979133601,11.877999999997,2409,798,143,241,851,NA
37081010900,"F",0.296711277686994,0.4219306,0.00100000001839362,12.6024006744523,10.8999999999942,2001,541,81,153,657,NA
37081011000,"F",0.428387282962117,1.0172318,0,12.7519624963474,10.9760000000242,4768,1178,124,306,1898,NA
37081011101,"F",0.430574951660471,0.6481202,0.00100000001839362,13.0277293359212,11.0409999999974,4260,1837,290,712,2007,NA
37081011102,"F",0.755964279168506,0.9432852,0.00099999998928979,12.5132421687626,10.9639999999781,2602,1390,269,581,1262,NA
37081011200,"F",0.670133470293834,1.0576228,0.00099999998928979,12.1281083766584,10.917999999976,5391,2049,335,777,2448,NA
37081011300,"F",0.859445684028904,1.2670346,0,11.4511416203955,11.0050000000047,2862,1526,304,659,1440,1.2670346
37081011400,"F",0.155782590128552,0.3628976,0,11.0876248523808,11.0800000000163,5291,2503,434,1038,2757,NA
37081011500,"F",0.282142154404935,0.3454984,0,11.0534625809023,10.993999999977,2964,1059,190,389,1287,NA
37081011601,"F",0.100010859025329,0.1106092,0,11.0063823622998,11.1160000000091,2453,822,145,268,930,NA
37081011602,"F",0.678699509222005,1.1272196,0.00100000001839362,10.0569820239522,11.0279999999912,2981,990,179,346,1181,NA
37081011904,"F",0.623598948614302,1.3378742,0.00099999998928979,13.9131022904554,11.05799999999,4265,1254,167,359,1677,NA
37081011905,"F",1.10562904298861,1.295619,0,13.89076983824,10.8760000000184,5077,1823,290,600,2082,NA
37081012503,"F",0.696721704401841,0.9948614,0.00099999998928979,12.1063547362876,10.8120000000054,4176,1366,268,385,1316,NA
37081012504,"F",0.231901897656623,0.6468774,0,9.95674808526179,10.6889999999839,3246,1081,199,338,1218,NA
37081012505,"F",0.925374391400284,1.4428908,0,10.2701540323741,10.4189999999944,4353,1363,266,344,1180,NA
37081012508,"F",0.597561925417708,0.9140794,0,11.8850281184636,10.6730000000098,3289,1043,218,297,1037,NA
37081012509,"F",0.872187222184888,1.0277956,0.00100000001839362,11.4165982063591,10.1760000000068,2223,810,181,218,614,NA
37081012510,"F",0.794227017663068,1.4024998,0.00099999998928979,11.6218796568001,11.1330000000016,3090,983,183,260,878,NA
37081012511,"F",1.31817793870402,2.0711262,0,10.8130801682159,11.0860000000102,4961,1657,328,432,1355,NA
37081012601,"F",0.24689203162508,0.506441,0,9.88134561711365,10.9649999999965,5912,1632,290,450,1993,NA
37081012604,"F",0.725320643026914,1.0091536,0,11.2997480575833,10.6089999999967,4908,2028,374,727,1978,NA
37081012607,"F",1.00888534881191,1.3496808,0.00099999998928979,8.61877351231683,10.3459999999905,2301,746,132,233,820,NA
37081012608,"F",0.397130604624414,0.6642766,0.00099999998928979,9.92688534666681,11.256000000023,2392,766,118,268,1022,NA
37081012609,"F",0.635550459270477,0.7164742,0.00099999998928979,9.27723109932226,11.2889999999898,7342,2585,463,882,2805,NA
37081012610,"F",0.841534240398986,1.1023636,0,10.4537458495085,11.060999999987,3159,1185,212,417,1176,NA
37081012611,"F",0.907987569850561,1.4062282,0.00099999998928979,10.6586714042548,10.6929999999993,3577,1213,190,408,1481,NA
37081012612,"F",0.530330689183591,0.68354,0,10.8897100542921,10.8249999999825,5947,2296,363,780,2558,NA
37081012617,"F",0.611835429521068,0.9861618,0,9.20373490282543,10.4820000000182,3478,1193,195,414,1409,NA
37081012703,"F",0.5317245515947,0.7276594,0,13.0821888783725,10.1680000000051,5373,1768,350,511,1672,NA
37081012704,"F",0.196644243573743,0.2914366,0,13.9817169849635,10.7250000000058,3214,1360,274,515,1331,NA
37081012705,"F",0.888022121363064,1.5174588,0,13.2549936874079,10.7850000000035,4056,2020,337,804,1960,1.5174588
37081012706,"F",0.616111806909486,0.8488324,0.00099999998928979,13.0808667173964,10.7300000000105,3159,1495,269,601,1536,NA
37081012707,"F",0.402246134674485,0.5909514,0,12.9550431562042,10.8420000000042,2589,1127,197,451,1277,NA
37081012803,"F",2.08999659062637,2.3787192,0,13.1649130590116,11.1300000000047,7640,2804,436,894,3026,NA
37081012804,"F",0.709208876476758,0.9780836,0.00099999998928979,10.9304176332719,11.247000000003,4184,1716,247,595,1871,NA
37081012805,"F",0.655326425437917,0.9451494,0.00099999998928979,12.162211798505,11.3070000000007,2545,1092,179,400,1077,NA
37081013601,"F",0.59967624175288,1.1458616,0.00099999999974898,11.2567990999969,9.13500000000022,3092,659,106,201,953,NA
37081013602,"F",0.513032450327986,0.6667622,0,11.7277109349559,12.3990000000049,4138,1602,315,563,1709,NA
37081013700,"F",0.605057747699581,0.767429,0,12.5437207898101,11.0540000000037,4141,1355,270,381,1288,NA
37081013800,"F",0.74189064788704,1.1632608,0.00099999998928979,11.4556436132739,10.8679999999877,4685,2245,450,937,2207,NA
37081013900,"F",0.459429123123743,0.6394206,0.00099999998928979,11.9286958045132,10.4580000000133,4509,2070,370,848,2214,NA
37081014000,"F",0.993390132469887,1.5851914,0,13.0702884608394,11.1520000000019,3079,1272,305,462,1232,NA
37081014200,"F",0.534004910905607,0.733252,0.00100000001839362,12.6305975586076,11.0330000000249,3503,1461,263,571,1587,NA
37081014300,"F",0.456139992574098,0.5331612,0,12.9565298522052,11.1380000000063,3045,1240,256,506,1331,NA
37081014406,"F",0.555273155736016,1.1700962,0,10.4454683576946,11.0489999999991,2337,1078,183,407,1040,NA
37081014407,"F",0.86184776789831,1.9623812,0,12.0360246289707,11.6869999999763,5635,1945,406,581,1849,NA
37081014408,"F",0.32961334655908,0.5381324,0,13.5179294962428,11.6760000000068,2326,838,149,310,1012,NA
37081014409,"F",0.666348437158905,1.0737792,0.00099999998928979,11.0064115818203,10.7300000000105,2893,1004,209,301,993,NA
37081014410,"F",0.170073679237103,0.7065318,0.00099999998928979,11.020013922939,10.7550000000047,3591,1182,227,363,1265,NA
37081014411,"F",0.84392557511409,1.395043,0.00100000001839362,10.5802719506221,11.1759999999776,4806,1764,289,620,1976,NA
37081014412,"F",0.805621635469599,1.4553188,0,10.1555288179697,10.9449999999779,2587,1051,257,332,872,NA
37081014501,"F",1.17706068463466,1.3739154,0,13.4448589371195,11.0769999999902,1300,540,137,218,553,NA
37081014502,"F",0.457710303326957,0.7077746,0,12.6870897839132,10.9339999999793,4433,1499,280,510,1632,0.7077746
37081014503,"F",0.347167967663987,0.5337826,0,11.3382653538735,11.0789999999979,3523,1434,251,543,1540,NA
37081015100,"F",6.056196586811,7.8861874,0,16.4428943576169,11.9690000000001,4097,1398,271,418,1414,NA
37081015200,"F",2.36058923118487,3.8017252,0,16.8219788137809,13.4590000000026,8412,2566,463,732,2903,NA
37081015300,"F",2.827903575279,3.069716,0,13.0745116229243,10.6469999999972,7791,2517,445,725,2649,NA
37081015401,"F",1.67076209056621,2.025764,0,13.4738407258411,9.33200000002398,5527,1648,260,459,1918,2.025764
37081015402,"F",1.67785829250026,2.2811594,0,13.6030325004345,8.80799999998999,7211,2532,469,851,2827,NA
37081015500,"F",1.85090396328572,2.4458304,0.00099999998928979,14.0385637392541,8.82399999999325,6111,2097,349,648,2445,NA
37081015600,"F",0.347796458483457,0.8643674,0,14.4771894194452,9.1140000000014,9324,2695,467,737,2947,NA
37081015703,"F",1.03961171257452,1.5056522,0.00099999998928979,12.7404054305461,9.05299999998533,5863,1759,323,481,1818,NA
37081015704,"F",0.86738395442727,1.603212,0.00100000001839362,12.1275741017011,8.80999999999767,6171,1704,284,457,1920,NA
37081015705,"F",0.649544639819064,0.723931,0.00200000000768341,12.2708968397251,8.90200000000186,3158,853,152,234,998,NA
37081015706,"F",1.51040997995009,1.798953,0,13.4748006465736,9.08300000001327,5288,1619,254,434,1661,NA
37081015707,"F",0.609085036051995,1.0831002,0.00199999997857958,13.3692283813817,8.91400000001886,6612,2103,397,589,2077,NA
37081015800,"F",0.682186146614296,1.152697,0.00099999998928979,13.1074163444036,8.90099999998347,7984,2284,400,615,2460,NA
37081015901,"F",1.20217969582382,1.6473314,0,15.4272978422278,9.74100000000908,5270,1645,333,464,1708,NA
37081015902,"F",1.10949208096287,2.1556366,0,13.9009025052223,9.43499999999767,3611,1012,170,268,1116,NA
37081016003,"F",2.07373816280491,3.0653662,0,11.6057714047454,9.15499999999884,4294,1207,211,323,1289,NA
37081016005,"F",1.13789237511549,2.1369946,0,10.955339125442,10.051999999996,1721,505,93,133,491,NA
37081016006,"F",1.01010431041371,1.8871918,0,10.3813190951857,9.93499999999767,3159,882,171,228,894,NA
37081016007,"F",0.155601122168789,0.2622308,0,10.6177226298205,9.45100000000093,4933,1327,237,351,1441,NA
37081016008,"F",0.709370481284182,1.1197628,0.00199999997857958,10.5643923075409,9.40200000000186,7034,1780,282,465,2118,NA
37081016009,"F",0.456655723543459,0.7556224,0,10.0118602223818,9.25799999997253,3743,1123,203,311,1161,NA
37081016010,"F",1.01283966384613,1.885949,0.00099999998928979,9.37582649480425,9.31399999998393,2607,717,126,191,793,NA
37081016011,"F",1.03589745018983,1.314261,0,8.6775601637496,8.96299999998882,5627,1458,214,400,1942,NA
37081016101,"F",0.427573739036597,0.7102602,0.00200000000768341,9.80326115909919,8.88499999998021,5063,1666,406,466,1362,NA
37081016102,"F",0.644101496385629,0.9463922,0,9.06881252307261,9.68600000001607,3930,1034,177,287,1301,NA
37081016103,"F",0.42905304499393,1.1334336,0,9.45187271447913,11.4529999999795,5068,1409,244,401,1637,NA
37081016201,"F",2.46181783788179,3.6619102,0,12.3123291784645,10.8610000000044,5352,1499,263,397,1606,NA
37081016203,"F",3.34677034070227,4.5747468,0,10.7282516108379,10.7399999999907,4013,1385,289,378,1172,NA
37081016204,"F",2.1312367154517,3.2859632,0,10.1695986518944,11.0059999999939,2985,774,120,206,854,NA
37081016205,"F",1.07205126190511,3.0622592,0.00100000001839362,9.80770631208092,10.3789999999863,3903,992,157,274,1171,NA
37081016303,"F",1.32143750168166,2.1693074,0,11.1953795124761,10.9239999999991,3316,1135,239,319,1012,NA
37081016304,"F",2.15325954857799,3.1138354,0.00100000001839362,10.5630149722112,10.8899999999849,3758,1056,177,275,1094,NA
37081016305,"F",0.745963608956778,0.9035156,0,10.0088709709738,11.0540000000037,3538,1076,195,291,1037,NA
37081016306,"F",0.957385451132384,1.516216,0,9.53715716309503,11.1270000000077,4500,1242,189,342,1436,NA
37081016405,"F",0.481560198330901,0.7866924,0,8.59466359301313,11.0359999999928,1691,520,77,151,645,NA
37081016406,"F",1.21991903957205,1.8753852,0,8.84474929052133,10.8940000000002,3300,858,132,232,1063,NA
37081016407,"F",1.05023786492515,1.7846608,0,9.28044226311155,11.1309999999939,4577,1218,184,339,1387,NA
37081016408,"F",1.26537057018933,1.9555458,0,9.06978174160152,11.0020000000077,1956,691,145,190,570,NA
37081016409,"F",0.536040468417254,0.6561984,0,9.97877261687928,11.1919999999809,2513,790,149,219,775,NA
37081016410,"F",0.862700912897599,1.6982862,0,10.6426209517131,10.9079999999958,5520,1739,293,525,1966,NA
37081016502,"F",1.09314326733361,1.5858128,0.00099999998928979,8.42140035373743,10.8849999999802,5598,1870,364,538,1747,NA
37081016503,"F",0.355667566864168,0.6040008,0,8.35970465018907,10.9869999999937,3729,895,135,232,1175,NA
37081016505,"F",0.996413269849919,1.8847062,0.00099999998928979,8.66900438072917,11.2629999999772,5072,1243,183,335,1593,NA
37081016506,"F",0.478272489638793,1.5733848,0,8.36404647318922,11.073000000004,4900,1363,226,373,1534,NA
37081016600,"F",2.3223519748836,3.2319014,0,11.4150957229478,10.9169999999867,2500,950,228,315,888,NA
37081016701,"F",1.43534751488715,2.0636694,0,9.93891112431215,11.1719999999914,5126,1641,252,467,1851,NA
37081016702,"F",4.47790274350892,6.0605142,0,10.9916665345451,10.8500000000058,3522,1223,268,370,1205,NA
37081016800,"F",1.32005830896434,2.0176858,0,11.8886913327218,11.4090000000142,6584,2325,435,738,2450,NA
37081016900,"F",3.27788173200475,5.3775956,0,13.9457696995203,11.5319999999774,4698,1612,343,466,1509,NA
37081017000,"F",4.59520286312723,5.8772012,0,16.1491180889542,11.6299999999756,4516,1581,344,475,1536,NA
37081017100,"F",2.12979284231756,2.6738842,0,13.7317281736824,11.4670000000042,7273,2430,466,677,2306,NA
37081017200,"F",2.57271078837001,4.4032404,0,14.2449635995172,11.4180000000051,6919,2242,416,644,2332,NA
37123960100,"G",1.44164068550997,1.5740062,0,40.3991672424477,22.5450000000128,6431,2290,502,766,2193,1.5740062
37123960200,"G",1.51760092807451,1.9176404,0,37.5046144910022,15.9400000000023,7370,2514,472,767,2462,NA
37123960300,"G",7.34352706382759,15.7624324,0,31.8759032573619,25.3090000000084,3914,1480,314,447,1210,15.7624324
37123960401,"G",0.450169242910346,0.534404,0.00099999998928979,40.4521605020753,17.7690000000002,2134,986,188,359,852,NA
37123960402,"G",3.0407672918934,4.4001334,0.00099999998928979,37.8066842806549,20.1359999999986,2306,955,203,326,796,4.4001334
37123960500,"G",2.35768218508221,2.7795222,0,47.61568984502,15.622000000003,5643,2269,486,864,2252,2.7795222
37151030100,"H",0.331573141289246,0.8034702,0,24.6704763216895,12.7029999999795,4597,1632,350,580,1747,NA
37151030201,"H",0.522566419136634,0.522566419136634,0,24.470646629353,11.6009999999951,3078,1093,231,345,1032,NA
37151030202,"H",1.74186704567385,3.0722016,0,26.4828300900284,11.3080000000191,5078,1834,417,605,1737,NA
37151030301,"H",0.579675046663626,0.5859802,0,21.5636040205378,11.4159999999974,6501,2100,423,735,2438,NA
37151030302,"H",0.8183804331307,1.1297052,0,23.6362187204733,11.2850000000035,3041,1342,311,527,1256,NA
37151030400,"H",0.461739784217522,0.6015152,0,21.655867644177,11.1820000000007,4193,1489,344,546,1619,NA
37151030502,"H",1.52762071158491,1.6672162,0,22.5488979282203,11.5610000000161,4019,1467,314,459,1339,NA
37151030503,"H",5.37322212373084,7.702253,0,19.1251928232286,11.2179999999935,5855,1898,369,574,2003,NA
37151030504,"H",2.53642737162449,2.9510286,0.00100000001839362,19.1050265355932,12.1670000000158,5893,1939,384,590,2039,NA
37151030600,"H",2.13248757008809,2.3979826,0.00099999998928979,24.5984889851962,12.2450000000244,6387,2306,499,748,2274,2.3979826
37151030700,"H",9.15739275080499,11.107525,0,29.6583050241551,13.0639999999999,6011,2008,409,620,2068,NA
37151030801,"H",3.19075342699892,4.7642738,0,26.3241237193706,11.4379999999946,7148,2395,487,751,2538,NA
37151030802,"H",8.13697855538314,11.06092,0.00099999998928979,32.2652270201644,12.2179999999935,6290,2158,447,667,2177,11.06092
37151030900,"H",8.65368052171093,9.9038732,0,32.6877378440984,12.2119999999995,3686,1409,317,476,1353,NA
37151031000,"H",2.20588350194386,2.9075306,0,24.8643635090428,11.7629999999772,7151,2732,601,937,2646,NA
37151031100,"H",3.57279370235812,6.4880374,0,21.8661185946817,11.9429999999993,5823,2196,507,763,2213,NA
37151031200,"H",0.481411330186072,0.6015152,0,20.401900543298,11.0080000000016,5336,2130,465,753,2050,NA
37151031303,"H",3.76836523963932,4.9513152,0,15.2171157795937,11.4219999999914,4226,1471,305,453,1446,NA
37151031304,"H",3.81715782345145,4.3087876,0,13.3342622594569,11.6739999999991,4701,1693,367,555,1688,NA
37151031305,"H",1.37957241574943,1.5143518,0,13.830692148349,11.5219999999972,4090,1465,311,487,1514,NA
37151031306,"H",3.99375281078187,5.6659252,0,16.3511528971643,11.3519999999844,6845,2184,418,644,2307,NA
37151031400,"H",0.707739750546355,0.9613058,0,18.153238018302,11.2269999999844,8452,2671,525,837,2942,NA
37151031501,"H",1.65819224863132,3.9123344,0,16.0682235742796,11.31700000001,6079,2049,408,627,2098,NA
37151031503,"H",1.16272594548049,1.385722,0,13.142740857058,11.1050000000105,3011,1042,223,332,1021,1.385722
37151031504,"H",0.0622281063566794,0.981812,0,12.9914356017302,11.4470000000147,5234,1728,341,519,1712,0.981812
37151031505,"H",2.25000964704538,3.32449,0.00099999998928979,14.7943628481968,11.0620000000054,3618,1263,261,380,1187,NA
37151031601,"H",1.98888743826766,3.2921772,0.00100000001839362,14.8490668235655,11.0299999999988,3905,1473,329,508,1461,NA
37151031602,"H",0.814242747819143,1.18066,0,13.7160304047423,11.1529999999912,1504,577,131,205,560,NA
37157040101,"I",5.52040457781503,7.5357178,0,29.3192305031561,12.9409999999916,4097,1586,328,521,1475,NA
37157040102,"I",5.66539465952854,6.425276,0,28.2082393535794,11.6080000000075,2823,1014,187,314,983,NA
37157040200,"I",2.49424348921009,2.9870698,0.00100000001839362,32.5116519256206,12.1380000000063,3949,1545,328,530,1485,NA
37157040300,"I",0.411891382327435,0.481585,0,31.7063954520273,11.6600000000035,3712,1504,327,476,1229,NA
37157040400,"I",0.26557395134039,0.2908152,0.00099999999974898,32.8340464068215,9.82499999999982,6361,2596,554,923,2513,0.2908152
37157040501,"I",1.34260847433763,1.8834634,0.00100000001839362,31.8542148644611,11.8530000000028,3659,1581,344,582,1457,NA
37157040502,"I",1.76168406395665,1.9816446,0.00100000001839362,30.5914332220474,11.5910000000149,2876,1151,233,380,1036,NA
37157040601,"I",5.91161613600747,7.5394462,0,30.2343630306207,12.4180000000051,3872,1452,291,469,1375,NA
37157040602,"I",3.94764430396047,4.4231252,0,26.8632277643685,11.7840000000142,4784,1718,335,555,1670,4.4231252
37157040700,"I",1.01482155201021,2.5949664,0.00100000001839362,25.5706693480768,13.2269999999844,4524,1738,371,561,1584,NA
37157040800,"I",1.00688543473702,1.1439974,0,23.1942577399803,11.4429999999993,1666,705,135,244,635,1.1439974
37157040900,"I",0.504415233942011,0.6406634,0,24.4629387535522,11.9490000000224,2587,1046,241,360,950,NA
37157041001,"I",4.3792947163945,4.989842,0,18.799140694984,11.6440000000002,6103,2039,403,623,2094,NA
37157041002,"I",7.39616707828019,9.4303664,0.00100000001839362,18.7820128176721,11.3269999999902,5894,2152,437,684,2052,NA
37157041100,"I",3.95977861594898,5.6261556,0.00099999998928979,27.4049264563144,11.8150000000023,6657,2497,486,786,2304,NA
37157041200,"I",0.630384056081611,0.8556678,0,23.4530306462921,12.2359999999753,5282,2377,423,893,2277,NA
37157041300,"I",2.76186484698139,5.0059984,0.00099999998928979,21.6123152533395,12.5800000000163,6737,2817,566,1051,2749,NA
37157041400,"I",0.124784126552895,0.2044406,0,22.0092809848964,11.429999999993,2991,1272,255,467,1218,NA
37157041500,"I",0.756183180462023,1.0650796,0,21.4236919364516,12.1430000000109,6942,2805,591,917,2416,NA
37157041601,"I",3.13169053072334,4.3765202,0,22.6020736529075,11.5329999999958,3513,1230,243,380,1188,NA
37157041602,"I",4.45955520876986,7.1249724,0,17.5446280678543,13.0479999999998,4614,1592,310,490,1569,7.1249724
37169070100,"J",5.52042106048542,7.0907954,0,25.0638324362622,13.359999999986,6720,2299,478,713,2460,7.0907954
37169070200,"J",8.51422646981581,9.0245922,0,25.9406629268471,14.3649999999907,3660,1285,279,399,1318,NA
37169070300,"J",7.69216368277634,8.270834,0,27.8433759078929,12.9830000000075,4732,1770,384,573,1784,8.270834
37169070400,"J",3.46256674601429,6.6359306,0,21.5153453640287,12.060999999987,5337,1890,411,609,2029,6.6359306
37169070501,"J",1.00111080510242,1.3310388,0,17.6925696084846,12.2889999999898,6884,2541,586,813,2479,NA
37169070503,"J",0.863443765414672,1.252121,0,18.6610639992271,11.8910000000033,5850,1855,363,539,1978,NA
37169070504,"J",1.10546939133579,1.360866,0.00099999998928979,18.5840077753828,11.4790000000212,3394,1100,225,340,1246,NA
37169070600,"J",4.19922209907506,6.266819,0,19.1429334254427,11.4009999999835,5143,1759,366,535,1842,NA
37169070700,"J",0.219557487852724,0.2821156,0,19.2600191061338,14.491,5681,2307,506,796,2244,0.2821156
37171930101,"K",5.91455849625526,7.0970094,0,31.9597173497792,10.2390000000014,2093,748,160,243,691,NA
37171930102,"K",4.62025549119807,6.4171978,0,28.6470009694371,10.1520000000019,4783,1703,369,551,1584,NA
37171930201,"K",2.6716450406263,3.482947,0,34.306068876517,11.2760000000126,3543,1315,287,443,1209,NA
37171930202,"K",0.722088548959865,0.9184292,0.00100000001839362,32.3776785224906,11.4009999999835,3332,1337,330,467,1143,NA
37171930301,"K",1.58106874266657,2.811835,0,36.4801883497597,11.9649999999965,2042,805,170,256,621,NA
37171930302,"K",0.594266951382258,0.7842068,0,35.3417879553617,11.7979999999807,3630,1380,316,454,1158,NA
37171930400,"K",0.284751407237279,0.4859348,0,34.1210304297263,11.7919999999867,2576,1111,281,418,933,0.4859348
37171930501,"K",1.57046814981203,2.0325994,0,37.4946784556455,12.0439999999944,2891,978,209,295,862,NA
37171930502,"K",0.234429469605889,0.5257044,0,35.659861905465,11.5709999999963,3338,1409,341,508,1162,NA
37171930600,"K",1.15832155869777,1.6168828,0.00099999998928979,33.4532790655255,11.8299999999872,3496,1238,263,389,1091,NA
37171930700,"K",3.88919093474044,4.1111824,0.00100000001839362,36.9622474973254,12.4449999999779,4355,1529,327,488,1403,4.1111824
37171930801,"K",8.94892646091866,10.890035,0,40.5444488280263,12.3730000000214,5201,1883,417,625,1748,NA
37171930802,"K",5.66436904119853,7.152314,0,35.6687187997999,11.7080000000133,3176,1204,277,401,1052,NA
37171930901,"K",0.215476130569575,0.3107,0,32.0350693457931,10.7960000000021,4467,1769,425,590,1430,0.3107
37171930902,"K",1.77663432541598,2.7180036,0,31.7181936093909,14.9100000000003,1605,562,116,169,466,NA
37171931001,"K",2.69298426361608,3.989388,0,31.3765585937721,10.7909999999974,2540,846,176,272,839,3.989388
37171931002,"K",0.287747216701712,0.3983174,0,31.9201685486074,11.3289999999979,5216,1743,371,574,1690,NA
37171931003,"K",5.52411367289716,6.7191982,0,29.2669060057222,11.1070000000182,3234,1171,259,421,1162,NA
37171931101,"K",4.69080716567674,6.5141362,0.00100000001839362,29.0089734983554,11.4070000000065,2870,1034,230,345,962,NA
37171931102,"K",7.44344469156449,10.0244248,0,25.8810671324976,10.9829999999783,3728,1290,273,399,1193,NA
37171931103,"K",5.3192325713534,6.6949636,0,20.4133775164334,11.1020000000135,1846,674,146,220,608,NA
37171931200,"K",0.238406325613747,0.8364044,0.00100000001839362,24.023001839594,11.2250000000058,3711,1310,275,405,1136,NA
37197050101,"L",7.71206890408387,9.4726216,0.00099999998928979,17.3580354238666,11.1689999999944,5600,1955,409,616,1882,9.4726216
37197050102,"L",5.74440911887363,6.6328236,0,21.1465515737132,10.9560000000056,4066,1444,310,460,1371,NA
37197050200,"L",1.13511075713019,1.4733394,0,25.6893757334351,11.247000000003,4528,1676,367,548,1535,NA
37197050300,"L",1.22897403015134,1.5062736,0,29.5483315518304,10.7799999999988,5964,2338,537,806,2130,1.5062736
37197050400,"L",6.65922871255441,9.0674688,0,26.8484353751826,12.2920000000158,6729,2403,532,801,2329,9.0674688
37197050501,"L",0.383457063184284,0.4666714,0,23.2340348522107,10.9139999999898,7130,2517,542,799,2318,0.4666714
37197050502,"L",4.48957434672809,6.4203048,0,19.1222864072633,10.9520000000002,4389,1559,334,492,1431,NA
