"","STATEFP","COUNTYFP","TRACTCE","POPULATION","LATITUDE","LONGITUDE"
"1",37,1,20100,3908,36.093222,-79.4463
"2",37,1,20200,4152,36.09327,-79.420799
"3",37,1,20300,8063,36.098388,-79.398934
"4",37,1,20400,6059,36.114582,-79.430586
"5",37,1,20501,3575,36.113958,-79.476588
"6",37,1,20502,3782,36.111115,-79.449398
"7",37,1,20601,3234,36.088531,-79.48201
"8",37,1,20602,2414,36.097635,-79.461676
"9",37,1,20701,4519,36.071156,-79.481592
"10",37,1,20702,4742,36.071833,-79.456837
"11",37,1,20801,1450,36.055944,-79.436868
"12",37,1,20802,5857,36.078822,-79.42846
"13",37,1,20901,3583,36.056031,-79.414575
"14",37,1,20902,3380,36.035903,-79.412021
"15",37,1,21000,3720,36.0767,-79.399495
"16",37,1,21101,2668,36.067643,-79.382563
"17",37,1,21102,3318,36.046816,-79.385445
"18",37,1,21201,5252,36.108811,-79.351954
"19",37,1,21204,4280,36.042203,-79.317818
"20",37,1,21205,4636,36.073409,-79.283417
"21",37,1,21206,4320,36.083912,-79.298504
"22",37,1,21207,3086,36.104243,-79.28011
"23",37,1,21300,6057,36.175589,-79.3053
"24",37,1,21400,2650,36.169268,-79.410392
"25",37,1,21500,4681,36.186482,-79.479579
"26",37,1,21600,6934,36.122169,-79.50986
"27",37,1,21701,3237,36.093606,-79.527965
"28",37,1,21702,5282,36.0939,-79.507516
"29",37,1,21703,4866,36.064029,-79.514522
"30",37,1,21801,4441,35.996193,-79.490297
"31",37,1,21802,3553,35.948994,-79.445459
"32",37,1,21803,2879,35.884612,-79.484161
"33",37,1,21901,4535,35.988884,-79.387069
"34",37,1,21902,4423,35.896669,-79.333918
"35",37,1,22001,3319,36.001554,-79.338527
"36",37,1,22002,4276,35.987451,-79.294362
"37",37,3,40100,3476,35.964272,-81.076613
"38",37,3,40200,3994,35.96755,-81.231339
"39",37,3,40300,3202,35.884137,-81.282103
"40",37,3,40400,6552,35.921492,-81.17612
"41",37,3,40500,6982,35.872954,-81.090423
"42",37,3,40600,6347,35.857577,-81.195174
"43",37,3,40700,6645,35.826865,-81.302514
"44",37,5,950100,4079,36.490889,-81.00566
"45",37,5,950200,3870,36.507908,-81.118334
"46",37,5,950300,3206,36.496243,-81.21785
"47",37,7,920100,3411,34.962534,-79.979602
"48",37,7,920200,1738,35.10129,-80.117869
"49",37,7,920300,8178,35.020483,-80.222405
"50",37,7,920400,3032,34.987564,-80.078512
"51",37,7,920500,6138,34.954206,-80.076018
"52",37,7,920600,4451,34.858613,-80.069723
"53",37,9,970200,2884,36.518471,-81.533898
"54",37,9,970300,2470,36.46448,-81.649876
"55",37,9,970400,4525,36.402283,-81.513401
"56",37,9,970500,6528,36.420861,-81.456525
"57",37,9,970700,5926,36.31914,-81.511997
"58",37,9,970800,4948,36.449122,-81.379691
"59",37,11,930100,3100,36.181188,-81.8854
"60",37,11,930200,2723,36.072797,-81.878738
"61",37,11,930301,3515,36.104714,-81.937473
"62",37,11,930302,3130,36.108615,-81.99598
"63",37,11,930400,5329,35.979418,-81.984816
"64",37,13,930100,5351,35.575113,-76.669657
"65",37,13,930200,6185,35.609737,-77.071512
"66",37,13,930300,4071,35.547744,-77.053209
"67",37,13,930400,5189,35.557609,-77.042948
"68",37,13,930501,4845,35.513761,-76.997695
"69",37,13,930502,3469,35.547645,-76.981429
"70",37,13,930600,3224,35.514858,-76.877604
"71",37,13,930700,3023,35.459349,-76.716213
"72",37,13,930800,2447,35.300616,-76.796934
"73",37,13,930900,3904,35.43618,-76.988721
"74",37,13,931000,6051,35.489533,-77.112711
"75",37,15,960100,5677,36.151934,-76.853195
"76",37,15,960200,3953,36.163769,-77.049699
"77",37,15,960300,3667,36.112201,-77.169168
"78",37,15,960400,7985,35.982663,-76.919212
"79",37,17,950100,5693,34.641901,-78.434744
"80",37,17,950200,3366,34.736767,-78.67074
"81",37,17,950300,6719,34.693337,-78.770988
"82",37,17,950400,6252,34.614915,-78.622836
"83",37,17,950500,6707,34.549645,-78.788797
"84",37,17,950600,6453,34.475175,-78.536726
"85",37,19,20101,2706,34.324118,-78.09526
"86",37,19,20102,2839,34.282537,-78.074836
"87",37,19,20103,7052,34.227261,-78.043771
"88",37,19,20104,5305,34.248773,-78.021109
"89",37,19,20201,3300,34.213416,-78.000943
"90",37,19,20202,5719,34.138546,-78.011903
"91",37,19,20203,2517,34.14497,-78.077462
"92",37,19,20204,5391,34.034761,-78.064766
"93",37,19,20303,2712,33.965282,-78.220861
"94",37,19,20304,4846,33.941649,-78.100071
"95",37,19,20305,2774,33.931633,-78.043422
"96",37,19,20306,2352,33.935471,-78.014776
"97",37,19,20307,158,33.862281,-77.989716
"98",37,19,20308,1648,33.922526,-78.176594
"99",37,19,20309,2734,33.920052,-78.136172
"100",37,19,20310,2149,33.910073,-78.081604
"101",37,19,20402,2359,33.922511,-78.288902
"102",37,19,20403,4571,33.938016,-78.33582
"103",37,19,20404,3092,33.960848,-78.305799
"104",37,19,20405,2949,33.962273,-78.256152
"105",37,19,20504,1443,33.945777,-78.577628
"106",37,19,20505,4185,33.993396,-78.512194
"107",37,19,20506,4175,33.946682,-78.399726
"108",37,19,20507,6043,33.912037,-78.580048
"109",37,19,20508,2252,33.928355,-78.499903
"110",37,19,20509,4402,33.894273,-78.523355
"111",37,19,20510,2160,33.893856,-78.476936
"112",37,19,20511,2502,33.912611,-78.403381
"113",37,19,20512,655,33.886977,-78.447926
"114",37,19,20601,4785,34.033982,-78.414686
"115",37,19,20602,5147,34.194931,-78.136979
"116",37,19,20603,2509,34.030949,-78.199055
"117",37,19,990100,0,33.884286,-78.384643
"118",37,21,100,1398,35.5956,-82.55234
"119",37,21,200,1797,35.597836,-82.565238
"120",37,21,300,2159,35.605524,-82.569208
"121",37,21,400,3775,35.613755,-82.560303
"122",37,21,500,3615,35.62068,-82.54577
"123",37,21,600,2127,35.604553,-82.549796
"124",37,21,700,1139,35.591414,-82.544819
"125",37,21,800,3530,35.57853,-82.540633
"126",37,21,900,3291,35.582168,-82.55893
"127",37,21,1000,3977,35.575698,-82.57679
"128",37,21,1100,4398,35.574939,-82.591496
"129",37,21,1200,4592,35.574272,-82.607668
"130",37,21,1300,3955,35.581316,-82.62241
"131",37,21,1400,7191,35.602527,-82.598438
"132",37,21,1500,2158,35.632023,-82.585335
"133",37,21,1600,6019,35.643928,-82.566489
"134",37,21,1700,2423,35.643725,-82.525262
"135",37,21,1801,3187,35.596906,-82.519544
"136",37,21,1802,4458,35.602044,-82.498738
"137",37,21,1900,3054,35.580869,-82.498229
"138",37,21,2000,6032,35.562011,-82.52286
"139",37,21,2101,1375,35.53342,-82.538347
"140",37,21,2102,5084,35.540559,-82.519134
"141",37,21,2203,4739,35.457102,-82.526439
"142",37,21,2204,7926,35.495796,-82.53439
"143",37,21,2205,6412,35.468255,-82.501257
"144",37,21,2206,4734,35.496346,-82.507799
"145",37,21,2301,5301,35.463853,-82.579138
"146",37,21,2302,7558,35.530518,-82.630343
"147",37,21,2401,3480,35.500603,-82.742396
"148",37,21,2402,4666,35.511316,-82.693922
"149",37,21,2503,3954,35.544189,-82.717038
"150",37,21,2504,4536,35.566107,-82.720176
"151",37,21,2505,4658,35.564724,-82.666497
"152",37,21,2506,3741,35.579712,-82.641915
"153",37,21,2603,3497,35.643586,-82.767011
"154",37,21,2604,5889,35.687692,-82.684048
"155",37,21,2605,5531,35.620464,-82.673434
"156",37,21,2606,3805,35.639445,-82.654753
"157",37,21,2607,4155,35.629406,-82.619722
"158",37,21,2701,3491,35.671708,-82.593964
"159",37,21,2702,4079,35.702787,-82.571499
"160",37,21,2703,5477,35.69504,-82.51941
"161",37,21,2803,4044,35.737304,-82.609658
"162",37,21,2804,4998,35.750388,-82.554139
"163",37,21,2900,3551,35.776762,-82.460714
"164",37,21,3001,8609,35.610386,-82.462414
"165",37,21,3002,7200,35.607209,-82.40685
"166",37,21,3102,5663,35.628246,-82.307649
"167",37,21,3103,1879,35.598882,-82.334985
"168",37,21,3104,5899,35.619402,-82.347137
"169",37,21,3201,1733,35.547061,-82.483544
"170",37,21,3202,4407,35.491144,-82.463137
"171",37,21,3203,5016,35.53719,-82.43824
"172",37,21,3204,5431,35.517878,-82.380608
"173",37,21,3205,1525,35.528846,-82.272286
"174",37,23,20100,4320,35.824008,-81.66289
"175",37,23,20201,5953,35.807036,-81.81888
"176",37,23,20202,4287,35.772518,-81.732784
"177",37,23,20301,4898,35.708792,-81.80489
"178",37,23,20302,7603,35.67997,-81.77306
"179",37,23,20500,2900,35.749348,-81.696887
"180",37,23,20600,5890,35.752656,-81.674808
"181",37,23,20801,5557,35.759904,-81.609297
"182",37,23,20802,3268,35.738029,-81.628571
"183",37,23,20900,6929,35.745701,-81.553253
"184",37,23,21000,5735,35.742573,-81.469188
"185",37,23,21100,6431,35.738615,-81.417997
"186",37,23,21201,3834,35.707005,-81.601539
"187",37,23,21202,4367,35.703109,-81.467587
"188",37,23,21203,4409,35.64365,-81.513996
"189",37,23,21301,5977,35.689619,-81.68552
"190",37,23,21302,3530,35.639822,-81.693984
"191",37,23,21400,5024,35.731617,-81.701551
"192",37,25,40500,11911,35.36143,-80.548335
"193",37,25,40600,6110,35.463136,-80.522438
"194",37,25,40701,1654,35.501249,-80.592413
"195",37,25,40702,6495,35.485554,-80.596106
"196",37,25,40703,2749,35.462375,-80.603078
"197",37,25,40800,3944,35.48982,-80.619202
"198",37,25,40900,1845,35.466186,-80.615577
"199",37,25,41000,6010,35.489846,-80.63766
"200",37,25,41100,6841,35.460841,-80.634146
"201",37,25,41200,5779,35.475599,-80.674796
"202",37,25,41301,3738,35.471741,-80.752724
"203",37,25,41302,7567,35.429933,-80.737714
"204",37,25,41303,6994,35.394571,-80.743891
"205",37,25,41501,9568,35.307721,-80.638326
"206",37,25,41502,6062,35.278568,-80.628774
"207",37,25,41503,2986,35.335171,-80.58713
"208",37,25,41601,6950,35.259798,-80.525198
"209",37,25,41602,3172,35.345212,-80.469067
"210",37,25,41701,4289,35.396377,-80.422798
"211",37,25,41702,3270,35.447361,-80.42053
"212",37,25,41901,2052,35.409742,-80.605175
"213",37,25,41902,4057,35.413755,-80.593332
"214",37,25,42000,4663,35.379002,-80.608902
"215",37,25,42101,3264,35.397737,-80.58165
"216",37,25,42102,3477,35.373714,-80.589083
"217",37,25,42200,6263,35.393823,-80.563546
"218",37,25,42300,4839,35.420393,-80.581504
"219",37,25,42401,3349,35.439489,-80.592456
"220",37,25,42402,4945,35.434378,-80.621576
"221",37,25,42501,4365,35.422773,-80.649324
"222",37,25,42502,2379,35.404891,-80.6221
"223",37,25,42503,3714,35.405685,-80.648696
"224",37,25,42504,1575,35.392434,-80.650748
"225",37,25,42601,5282,35.389311,-80.676536
"226",37,25,42602,3796,35.371866,-80.684729
"227",37,25,42603,7031,35.355654,-80.643763
"228",37,25,42604,5026,35.330656,-80.651745
"229",37,27,30100,5479,35.915532,-81.541259
"230",37,27,30200,5634,35.915444,-81.576019
"231",37,27,30300,4204,35.877465,-81.555073
"232",37,27,30400,4636,35.869344,-81.519872
"233",37,27,30500,4666,35.925215,-81.51196
"234",37,27,30600,4303,35.856335,-81.479571
"235",37,27,30700,7056,35.831233,-81.50676
"236",37,27,30800,8169,35.830164,-81.570009
"237",37,27,30900,4971,35.898465,-81.641659
"238",37,27,31000,3042,36.032429,-81.579521
"239",37,27,31100,4318,35.983463,-81.482629
"240",37,27,31201,4672,35.916663,-81.40226
"241",37,27,31202,4587,35.860763,-81.443592
"242",37,27,31300,8094,35.808466,-81.377206
"243",37,27,31401,3193,35.801823,-81.485216
"244",37,27,31402,3580,35.789141,-81.42934
"245",37,27,31403,2425,35.816561,-81.452636
"246",37,29,950101,5324,36.426012,-76.271833
"247",37,29,950102,4656,36.290241,-76.100358
"248",37,31,970101,1216,34.882101,-76.365451
"249",37,31,970102,2608,34.856629,-76.516723
"250",37,31,970103,3046,34.747085,-76.54455
"251",37,31,970200,1207,34.697302,-76.558209
"252",37,31,970301,4623,34.772444,-76.652031
"253",37,31,970302,1092,34.728989,-76.656575
"254",37,31,970303,688,34.718111,-76.664171
"255",37,31,970304,2241,34.719533,-76.641309
"256",37,31,970401,1520,34.728833,-76.752915
"257",37,31,970402,1582,34.725184,-76.726576
"258",37,31,970403,1191,34.722588,-76.739036
"259",37,31,970501,2436,34.748184,-76.807906
"260",37,31,970502,1935,34.74459,-76.745751
"261",37,31,970503,2218,34.734551,-76.747497
"262",37,31,970504,1771,34.741543,-76.723188
"263",37,31,970601,1306,34.723512,-76.925601
"264",37,31,970602,1025,34.730411,-76.866775
"265",37,31,970603,1640,34.740285,-76.863401
"266",37,31,970604,2095,34.734303,-76.828005
"267",37,31,970605,1247,34.72984,-76.792608
"268",37,31,970701,1409,34.738013,-76.912327
"269",37,31,970702,3529,34.793198,-76.902431
"270",37,31,970703,5452,34.793809,-76.863888
"271",37,31,970704,2379,34.806559,-76.764879
"272",37,31,970801,2363,34.74997,-77.10628
"273",37,31,970802,1626,34.68813,-77.081124
"274",37,31,970803,1471,34.693867,-77.057459
"275",37,31,970804,3052,34.708885,-77.004242
"276",37,31,970805,1634,34.752446,-77.013516
"277",37,31,970901,1156,34.655722,-77.074449
"278",37,31,970902,1282,34.665192,-77.043104
"279",37,31,970903,1217,34.671726,-76.990412
"280",37,31,971001,356,34.688382,-76.884977
"281",37,31,971002,1339,34.698594,-76.812852
"282",37,31,971101,962,34.701542,-76.75196
"283",37,31,971102,555,34.698953,-76.71777
"284",37,31,980100,0,34.800752,-76.375177
"285",37,31,990100,0,34.665197,-76.839538
"286",37,31,990200,0,35.098239,-76.257212
"287",37,33,930100,2436,36.507614,-79.204732
"288",37,33,930200,5838,36.422872,-79.342611
"289",37,33,930300,4165,36.509447,-79.438232
"290",37,33,930400,2643,36.411126,-79.464248
"291",37,33,930500,3847,36.292253,-79.467072
"292",37,33,930600,4790,36.315532,-79.25816
"293",37,35,10101,6112,35.763072,-81.14501
"294",37,35,10102,4057,35.714856,-81.188172
"295",37,35,10201,4815,35.781799,-81.201981
"296",37,35,10202,8365,35.736695,-81.228647
"297",37,35,10301,4821,35.78535,-81.260185
"298",37,35,10302,5467,35.778952,-81.302557
"299",37,35,10303,4027,35.754071,-81.269481
"300",37,35,10304,4344,35.737075,-81.27833
"301",37,35,10401,6593,35.756247,-81.309963
"302",37,35,10402,4948,35.746556,-81.325089
"303",37,35,10501,3753,35.750278,-81.342943
"304",37,35,10502,3226,35.783115,-81.330885
"305",37,35,10600,6421,35.743499,-81.365204
"306",37,35,10700,2426,35.725748,-81.374795
"307",37,35,10900,3762,35.723557,-81.336748
"308",37,35,11000,2644,35.722102,-81.295476
"309",37,35,11101,3497,35.702298,-81.381899
"310",37,35,11102,6873,35.687244,-81.32727
"311",37,35,11200,5983,35.666649,-81.228424
"312",37,35,11300,7187,35.673435,-81.199094
"313",37,35,11401,3525,35.694811,-81.138952
"314",37,35,11402,4030,35.651752,-81.135503
"315",37,35,11501,4821,35.640406,-81.061693
"316",37,35,11503,3715,35.64979,-80.987033
"317",37,35,11504,5616,35.573649,-81.002872
"318",37,35,11601,4487,35.615863,-81.178069
"319",37,35,11602,5546,35.572323,-81.152218
"320",37,35,11701,4280,35.662804,-81.267441
"321",37,35,11702,6847,35.599919,-81.250802
"322",37,35,11801,6218,35.659482,-81.376584
"323",37,35,11802,5952,35.603262,-81.39904
"324",37,37,20103,4335,35.84473,-79.049865
"325",37,37,20104,4667,35.791254,-79.069053
"326",37,37,20105,2920,35.843192,-79.104378
"327",37,37,20106,3861,35.82616,-79.156072
"328",37,37,20200,7666,35.780396,-79.352124
"329",37,37,20300,2929,35.693785,-79.479039
"330",37,37,20401,5775,35.722282,-79.458996
"331",37,37,20402,4693,35.737642,-79.466799
"332",37,37,20500,3751,35.588031,-79.46213
"333",37,37,20600,5351,35.610475,-79.288653
"334",37,37,20701,4910,35.840193,-78.970543
"335",37,37,20702,3887,35.682573,-79.016776
"336",37,37,20800,8760,35.724949,-79.163189
"337",37,39,930100,4571,35.198561,-83.807441
"338",37,39,930200,2410,35.179516,-83.897315
"339",37,39,930300,2439,35.166547,-84.08741
"340",37,39,930400,6120,35.105956,-83.976597
"341",37,39,930500,4693,35.043546,-84.035472
"342",37,39,930601,3280,35.057809,-84.144892
"343",37,39,930602,3931,35.033953,-84.220247
"344",37,41,930101,5424,36.064465,-76.614463
"345",37,41,930102,2335,36.038889,-76.552275
"346",37,41,930200,7034,36.182922,-76.659963
"347",37,43,950100,5062,35.04559,-83.739597
"348",37,43,950200,5525,35.025772,-83.869722
"349",37,45,950101,5300,35.506916,-81.576627
"350",37,45,950102,2786,35.417823,-81.640756
"351",37,45,950200,4878,35.411293,-81.530371
"352",37,45,950301,4515,35.339871,-81.438931
"353",37,45,950302,5820,35.292752,-81.401321
"354",37,45,950400,6877,35.237387,-81.362724
"355",37,45,950500,3606,35.241684,-81.337523
"356",37,45,950601,3918,35.238323,-81.41682
"357",37,45,950602,6014,35.188966,-81.426385
"358",37,45,950700,6976,35.282394,-81.494862
"359",37,45,950800,4380,35.33332,-81.50946
"360",37,45,950900,2952,35.307119,-81.532042
"361",37,45,951000,3573,35.29019,-81.527593
"362",37,45,951100,2842,35.289644,-81.551214
"363",37,45,951200,5253,35.270857,-81.558927
"364",37,45,951300,2914,35.31113,-81.591456
"365",37,45,951400,6726,35.319054,-81.653979
"366",37,45,951501,5775,35.251631,-81.678161
"367",37,45,951502,1298,35.194907,-81.697326
"368",37,45,951503,2463,35.242887,-81.623944
"369",37,45,951601,4391,35.20795,-81.561169
"370",37,45,951602,4821,35.23406,-81.512206
"371",37,47,930100,4198,34.330126,-78.252468
"372",37,47,930200,2175,34.313221,-78.368217
"373",37,47,930300,2620,34.326781,-78.517522
"374",37,47,930400,4062,34.363256,-78.623895
"375",37,47,930500,4536,34.414213,-78.84918
"376",37,47,930600,3878,34.291924,-78.968508
"377",37,47,930700,4815,34.320224,-78.826267
"378",37,47,930800,4170,34.363973,-78.722138
"379",37,47,930900,4749,34.328192,-78.71651
"380",37,47,931000,5687,34.275756,-78.730297
"381",37,47,931100,3752,34.200173,-78.779345
"382",37,47,931200,7803,34.151454,-78.853881
"383",37,47,931300,5653,34.123107,-78.656478
"384",37,49,960101,3924,35.080399,-76.964647
"385",37,49,960102,4790,35.168422,-77.031645
"386",37,49,960200,8637,35.303537,-77.165923
"387",37,49,960300,6858,35.21915,-77.275527
"388",37,49,960401,4317,35.103601,-77.126657
"389",37,49,960402,3842,35.093183,-77.086842
"390",37,49,960403,4158,35.083242,-77.092491
"391",37,49,960404,3165,35.073385,-77.149556
"392",37,49,960500,7977,35.136884,-77.099206
"393",37,49,960600,4980,35.114922,-77.076241
"394",37,49,960700,1850,35.105264,-77.067107
"395",37,49,960800,3321,35.115509,-77.051461
"396",37,49,960900,2255,35.108244,-77.043602
"397",37,49,961001,9336,35.048739,-77.044574
"398",37,49,961002,4170,35.049537,-77.005856
"399",37,49,961100,8979,34.932732,-76.940286
"400",37,49,961201,4095,34.905891,-76.921931
"401",37,49,961202,3748,34.909869,-76.894075
"402",37,49,961301,3640,34.873994,-76.912005
"403",37,49,961302,5673,34.872302,-76.887178
"404",37,49,961303,3790,34.90536,-76.773258
"405",37,51,200,1633,35.045522,-78.871099
"406",37,51,500,2194,35.026176,-78.89952
"407",37,51,600,5526,35.034076,-78.919654
"408",37,51,701,5685,35.055728,-78.934796
"409",37,51,702,2330,35.051919,-78.910007
"410",37,51,800,2654,35.059979,-78.897779
"411",37,51,900,4733,35.071662,-78.915954
"412",37,51,1000,2605,35.082569,-78.907202
"413",37,51,1100,4251,35.086784,-78.897477
"414",37,51,1200,5617,35.089629,-78.87937
"415",37,51,1400,6146,35.030923,-78.826527
"416",37,51,1500,2863,34.984619,-78.889762
"417",37,51,1601,7128,34.971115,-78.94595
"418",37,51,1603,4344,34.996557,-78.929231
"419",37,51,1604,7356,34.989872,-78.913723
"420",37,51,1700,8716,35.009908,-78.942852
"421",37,51,1800,2237,35.03358,-78.941455
"422",37,51,1901,2204,34.997911,-78.967113
"423",37,51,1902,4774,35.023125,-78.957021
"424",37,51,1903,4326,35.024664,-78.968089
"425",37,51,2001,2734,35.065766,-78.968412
"426",37,51,2002,5022,35.051209,-78.962532
"427",37,51,2100,4258,35.075118,-78.941886
"428",37,51,2200,1786,35.095146,-78.962526
"429",37,51,2300,4846,35.09352,-78.939722
"430",37,51,2401,2005,35.108017,-78.93159
"431",37,51,2402,3379,35.109982,-78.912506
"432",37,51,2501,7267,35.118847,-78.901465
"433",37,51,2502,7080,35.130834,-78.868134
"434",37,51,2503,5262,35.137125,-78.884941
"435",37,51,2504,6127,35.153382,-78.898448
"436",37,51,2600,4218,35.135686,-78.766779
"437",37,51,2700,8114,35.087771,-78.737879
"438",37,51,2800,6253,35.022832,-78.703804
"439",37,51,2900,4559,34.918661,-78.702164
"440",37,51,3001,10808,34.912612,-78.891136
"441",37,51,3002,2751,34.918278,-78.830277
"442",37,51,3102,4019,34.965822,-79.020147
"443",37,51,3103,5325,34.966458,-78.979946
"444",37,51,3104,6524,34.949504,-78.956326
"445",37,51,3201,11431,34.998323,-79.017942
"446",37,51,3203,5884,35.026525,-78.979035
"447",37,51,3204,8569,35.020402,-78.99323
"448",37,51,3205,5316,35.025566,-79.013737
"449",37,51,3302,4985,35.051654,-78.991083
"450",37,51,3304,7404,35.088296,-78.979961
"451",37,51,3305,6350,35.094525,-79.005406
"452",37,51,3307,4467,35.047839,-79.015789
"453",37,51,3309,6134,35.074446,-78.996472
"454",37,51,3310,5500,35.067078,-79.008079
"455",37,51,3311,2752,35.060089,-79.002452
"456",37,51,3312,6980,35.066585,-79.056668
"457",37,51,3313,5335,35.042692,-79.076725
"458",37,51,3314,7126,35.046486,-79.050523
"459",37,51,3401,3936,35.164734,-78.989021
"460",37,51,3402,1947,35.152048,-79.013433
"461",37,51,3403,3618,35.141608,-79.013747
"462",37,51,3404,1093,35.128443,-79.0156
"463",37,51,3405,1975,35.131842,-79.010757
"464",37,51,3406,1523,35.149258,-78.993164
"465",37,51,3407,2316,35.117134,-78.991006
"466",37,51,3408,4725,35.141984,-78.970691
"467",37,51,3500,4621,35.173362,-78.980971
"468",37,51,3600,4981,35.194744,-78.97579
"469",37,51,3700,7322,35.215019,-78.833337
"470",37,51,3800,2977,35.055233,-78.884231
"471",37,51,980100,0,35.116571,-79.060167
"472",37,51,980200,505,35.181181,-78.938921
"473",37,53,110101,542,36.332927,-75.816212
"474",37,53,110102,1545,36.517166,-75.942951
"475",37,53,110200,6922,36.511443,-76.164246
"476",37,53,110301,4243,36.466819,-76.034553
"477",37,53,110302,2922,36.394369,-76.033436
"478",37,53,110401,3425,36.279038,-75.891124
"479",37,53,110402,3948,36.157222,-75.847136
"480",37,53,990100,0,36.393292,-75.792326
"481",37,55,970101,3675,36.122826,-75.736736
"482",37,55,970102,3220,36.075403,-75.715347
"483",37,55,970200,4636,36.034874,-75.680067
"484",37,55,970300,6278,36.008025,-75.692569
"485",37,55,970400,2789,35.954832,-75.630503
"486",37,55,970501,1246,35.860341,-75.792026
"487",37,55,970502,4322,35.314874,-75.556237
"488",37,55,970601,5995,35.915722,-75.684995
"489",37,55,970602,1759,35.843477,-75.6418
"490",37,55,990100,0,35.554722,-75.446758
"491",37,55,990200,0,35.505993,-75.650096
"492",37,57,60101,5633,35.994622,-80.054666
"493",37,57,60102,7213,35.995975,-80.128715
"494",37,57,60201,4909,35.967338,-80.185077
"495",37,57,60202,2424,36.008943,-80.199958
"496",37,57,60203,5528,35.957876,-80.23264
"497",37,57,60301,4534,35.970734,-80.271787
"498",37,57,60302,3620,35.985178,-80.302184
"499",37,57,60303,4372,35.938691,-80.343261
"500",37,57,60304,3445,35.922229,-80.300525
"501",37,57,60400,5533,35.893085,-80.241513
"502",37,57,60500,5499,35.878246,-80.141095
"503",37,57,60601,4342,35.923546,-80.08351
"504",37,57,60602,2563,35.936657,-80.058193
"505",37,57,60700,4915,35.895141,-80.072299
"506",37,57,60800,4538,35.886577,-80.101694
"507",37,57,60900,5471,35.869179,-80.092067
"508",37,57,61000,5158,35.884765,-80.062301
"509",37,57,61100,6744,35.840578,-80.082828
"510",37,57,61201,5844,35.844821,-80.254079
"511",37,57,61202,2857,35.863543,-80.294812
"512",37,57,61300,2176,35.828459,-80.258998
"513",37,57,61400,3398,35.820135,-80.239643
"514",37,57,61500,6214,35.802624,-80.259138
"515",37,57,61600,2926,35.815696,-80.276173
"516",37,57,61701,4857,35.804836,-80.32505
"517",37,57,61702,6730,35.820331,-80.385277
"518",37,57,61703,4349,35.779327,-80.377974
"519",37,57,61802,6740,35.744983,-80.214372
"520",37,57,61803,3503,35.765609,-80.282758
"521",37,57,61804,6536,35.691116,-80.280905
"522",37,57,61901,6301,35.801786,-80.124925
"523",37,57,61902,5308,35.753409,-80.129469
"524",37,57,62001,4677,35.635133,-80.164422
"525",37,57,62002,4021,35.624157,-80.109805
"526",37,59,80100,7745,35.944726,-80.635305
"527",37,59,80200,5207,36.012871,-80.490556
"528",37,59,80300,8657,35.977941,-80.447771
"529",37,59,80400,5151,35.907137,-80.439526
"530",37,59,80500,4428,35.900764,-80.536268
"531",37,59,80600,3659,35.9098,-80.571327
"532",37,59,80700,6393,35.828773,-80.536416
"533",37,61,90100,10062,35.118637,-77.898112
"534",37,61,90200,4341,35.111388,-78.106498
"535",37,61,90300,5783,35.001344,-78.084405
"536",37,61,90400,5962,34.961842,-77.961321
"537",37,61,90501,5518,34.968037,-77.767064
"538",37,61,90502,4608,34.895116,-77.769781
"539",37,61,90600,3541,34.794886,-77.768966
"540",37,61,90701,3933,34.79588,-77.924198
"541",37,61,90702,6346,34.745235,-77.996757
"542",37,61,90801,3220,34.882523,-78.077651
"543",37,61,90802,5191,34.804959,-78.043298
"544",37,63,101,3152,36.026925,-78.887119
"545",37,63,102,4535,36.028517,-78.904918
"546",37,63,200,2946,36.008003,-78.891972
"547",37,63,301,2504,36.01628,-78.914328
"548",37,63,302,3426,36.0103,-78.905038
"549",37,63,401,2523,36.021113,-78.927543
"550",37,63,402,1963,36.01195,-78.925732
"551",37,63,500,4093,35.996395,-78.921546
"552",37,63,600,5177,35.983187,-78.93096
"553",37,63,700,2830,35.9811,-78.915223
"554",37,63,900,1668,36.000115,-78.886247
"555",37,63,1001,3466,35.986415,-78.876627
"556",37,63,1002,5974,35.997158,-78.871023
"557",37,63,1100,3225,35.990722,-78.890295
"558",37,63,1301,1128,35.980051,-78.899477
"559",37,63,1303,3676,35.973398,-78.900498
"560",37,63,1304,2557,35.966356,-78.911051
"561",37,63,1400,2609,35.975166,-78.888307
"562",37,63,1501,3070,36.002767,-78.938979
"563",37,63,1502,5986,36.010065,-78.94706
"564",37,63,1503,1941,36.006958,-78.915681
"565",37,63,1601,5806,36.09122,-78.892042
"566",37,63,1603,6271,36.1068,-78.929352
"567",37,63,1604,6645,36.08491,-78.954531
"568",37,63,1705,4519,36.037932,-78.92509
"569",37,63,1706,4179,36.019185,-78.965323
"570",37,63,1707,6485,36.045924,-78.961562
"571",37,63,1708,3989,36.065172,-78.889976
"572",37,63,1709,6109,36.042258,-78.886804
"573",37,63,1710,4705,36.054921,-78.914357
"574",37,63,1711,4503,36.054241,-78.928459
"575",37,63,1801,7123,36.033486,-78.843652
"576",37,63,1802,6736,35.987523,-78.848941
"577",37,63,1806,5672,36.013994,-78.808551
"578",37,63,1807,9416,35.984737,-78.823271
"579",37,63,1808,5046,35.967091,-78.811525
"580",37,63,1809,5148,35.939046,-78.837112
"581",37,63,1900,2847,35.950541,-78.752194
"582",37,63,2007,4854,35.950437,-78.938875
"583",37,63,2008,2907,35.941428,-78.957434
"584",37,63,2009,4685,35.960195,-78.899843
"585",37,63,2013,4481,35.889759,-78.91047
"586",37,63,2015,5127,35.967719,-78.946216
"587",37,63,2016,5384,35.958596,-78.968409
"588",37,63,2017,6654,35.976668,-78.978014
"589",37,63,2018,7483,35.934036,-78.988091
"590",37,63,2019,4408,35.900199,-78.989776
"591",37,63,2020,5894,35.887237,-78.933989
"592",37,63,2021,4432,35.904979,-78.941459
"593",37,63,2022,4307,35.918552,-78.923618
"594",37,63,2023,2808,35.917919,-78.940867
"595",37,63,2024,5848,35.931531,-78.934507
"596",37,63,2025,5938,35.930097,-78.906603
"597",37,63,2026,5813,35.943256,-78.900885
"598",37,63,2027,7272,35.915025,-78.899909
"599",37,63,2028,6001,35.905419,-78.832091
"600",37,63,2100,6362,36.17263,-78.884712
"601",37,63,2200,1946,35.999772,-78.901877
"602",37,63,2300,1331,35.987957,-78.902953
"603",37,63,980100,4,35.892404,-78.88563
"604",37,65,20200,6059,35.922932,-77.787089
"605",37,65,20300,5370,35.936934,-77.76933
"606",37,65,20400,4958,35.951938,-77.769451
"607",37,65,20600,3525,36.00111,-77.727615
"608",37,65,20700,2201,36.066989,-77.644613
"609",37,65,20800,3716,35.885579,-77.469924
"610",37,65,20900,2939,35.881952,-77.517009
"611",37,65,21000,3409,35.902729,-77.533652
"612",37,65,21100,3957,35.925243,-77.556276
"613",37,65,21200,5207,35.899702,-77.562552
"614",37,65,21300,4860,35.875474,-77.636754
"615",37,65,21400,4141,35.857865,-77.748356
"616",37,65,21500,3313,35.790294,-77.652301
"617",37,65,21600,2897,35.744214,-77.637651
"618",37,67,100,2052,36.097483,-80.246006
"619",37,67,200,1103,36.104388,-80.249417
"620",37,67,301,1799,36.111669,-80.251733
"621",37,67,302,1859,36.119256,-80.256604
"622",37,67,400,3251,36.121135,-80.243073
"623",37,67,500,2391,36.117021,-80.227918
"624",37,67,600,2056,36.108004,-80.228509
"625",37,67,700,1764,36.098532,-80.229595
"626",37,67,801,3062,36.086248,-80.225364
"627",37,67,802,2100,36.076516,-80.232043
"628",37,67,900,3508,36.084265,-80.250419
"629",37,67,1000,4652,36.080393,-80.264394
"630",37,67,1100,2254,36.094688,-80.263708
"631",37,67,1200,1959,36.108355,-80.27024
"632",37,67,1300,4535,36.132165,-80.277728
"633",37,67,1400,3710,36.143063,-80.256071
"634",37,67,1500,4095,36.152336,-80.237177
"635",37,67,1601,3652,36.14025,-80.210352
"636",37,67,1602,3077,36.118649,-80.220745
"637",37,67,1700,5231,36.112319,-80.202064
"638",37,67,1800,4207,36.07427,-80.209578
"639",37,67,1901,1549,36.065626,-80.225493
"640",37,67,1902,1917,36.070612,-80.243962
"641",37,67,2001,2367,36.057055,-80.23814
"642",37,67,2002,3072,36.055262,-80.251087
"643",37,67,2100,2151,36.074626,-80.282827
"644",37,67,2200,3742,36.085157,-80.281152
"645",37,67,2501,2590,36.106048,-80.282822
"646",37,67,2502,2770,36.098393,-80.299043
"647",37,67,2601,2481,36.120664,-80.296197
"648",37,67,2603,6553,36.132854,-80.313125
"649",37,67,2604,6441,36.150339,-80.335961
"650",37,67,2701,5864,36.164749,-80.310608
"651",37,67,2702,5675,36.1617,-80.282078
"652",37,67,2703,6039,36.146404,-80.284747
"653",37,67,2801,4236,36.219566,-80.381159
"654",37,67,2804,4150,36.180473,-80.313407
"655",37,67,2806,3274,36.190486,-80.277161
"656",37,67,2807,5031,36.226177,-80.270035
"657",37,67,2808,3531,36.238222,-80.313973
"658",37,67,2809,2238,36.207857,-80.33058
"659",37,67,2901,4784,36.189989,-80.235944
"660",37,67,2903,3828,36.16918,-80.201683
"661",37,67,2904,2151,36.207675,-80.18301
"662",37,67,3002,3932,36.149283,-80.178952
"663",37,67,3003,3272,36.136568,-80.152073
"664",37,67,3004,3618,36.120388,-80.123692
"665",37,67,3103,5468,36.173669,-80.088602
"666",37,67,3105,3649,36.190573,-80.136224
"667",37,67,3106,3099,36.229877,-80.098413
"668",37,67,3107,4391,36.145563,-80.083062
"669",37,67,3108,3495,36.142311,-80.058067
"670",37,67,3201,4774,36.124388,-80.093867
"671",37,67,3202,3904,36.121025,-80.062311
"672",37,67,3307,3405,36.102879,-80.098028
"673",37,67,3308,7880,36.090184,-80.126053
"674",37,67,3309,4956,36.089245,-80.176337
"675",37,67,3310,4061,36.078651,-80.152661
"676",37,67,3311,1926,36.062402,-80.134599
"677",37,67,3312,2692,36.06517,-80.088459
"678",37,67,3313,1458,36.025611,-80.06801
"679",37,67,3314,3171,36.066988,-80.057601
"680",37,67,3315,3424,36.100385,-80.073493
"681",37,67,3402,2182,36.041078,-80.145422
"682",37,67,3403,3412,36.056887,-80.185269
"683",37,67,3404,3917,36.067889,-80.189799
"684",37,67,3500,6562,36.040747,-80.214748
"685",37,67,3600,5968,36.025767,-80.244927
"686",37,67,3701,4830,36.055478,-80.269006
"687",37,67,3702,4514,36.040048,-80.279924
"688",37,67,3703,6032,36.013294,-80.278941
"689",37,67,3803,4567,36.049448,-80.292723
"690",37,67,3804,4100,36.050677,-80.307318
"691",37,67,3805,5573,36.063139,-80.325062
"692",37,67,3806,3012,36.043063,-80.346516
"693",37,67,3903,4477,36.079266,-80.32317
"694",37,67,3904,5907,36.07298,-80.354165
"695",37,67,3905,3607,36.087303,-80.330852
"696",37,67,3906,3436,36.099964,-80.324694
"697",37,67,3908,3085,36.112511,-80.331952
"698",37,67,3909,4356,36.09522,-80.348405
"699",37,67,4005,4695,36.012004,-80.394186
"700",37,67,4007,7104,36.06112,-80.430204
"701",37,67,4009,3802,36.113016,-80.426853
"702",37,67,4010,3392,36.107402,-80.373666
"703",37,67,4011,5645,36.089789,-80.396672
"704",37,67,4012,5611,36.059044,-80.384315
"705",37,67,4013,3083,36.040062,-80.386654
"706",37,67,4014,3016,36.025207,-80.371888
"707",37,67,4015,3296,36.000016,-80.365986
"708",37,67,4102,3256,36.160999,-80.409666
"709",37,67,4103,3478,36.1333,-80.374687
"710",37,67,4104,3429,36.165149,-80.365833
"711",37,69,60100,4663,36.205829,-78.282444
"712",37,69,60200,3711,36.146149,-78.140182
"713",37,69,60301,5975,36.114264,-78.28146
"714",37,69,60302,2563,36.082192,-78.312036
"715",37,69,60401,2441,36.122399,-78.492437
"716",37,69,60402,4944,36.110664,-78.430632
"717",37,69,60501,5955,36.041677,-78.515861
"718",37,69,60502,7918,36.031684,-78.443511
"719",37,69,60600,8582,35.987653,-78.358082
"720",37,69,60700,4709,35.997532,-78.190024
"721",37,69,60801,4204,35.950433,-78.256331
"722",37,69,60802,4954,35.895967,-78.279275
"723",37,71,30101,3383,35.37578,-80.998391
"724",37,71,30102,3315,35.314871,-81.012444
"725",37,71,30203,2345,35.382342,-81.08353
"726",37,71,30204,3000,35.34936,-81.043605
"727",37,71,30205,3852,35.376094,-81.119519
"728",37,71,30301,2587,35.384294,-81.188523
"729",37,71,30302,2665,35.334571,-81.155997
"730",37,71,30401,4126,35.371361,-81.234425
"731",37,71,30402,4368,35.324629,-81.229934
"732",37,71,30501,2569,35.387417,-81.294314
"733",37,71,30502,3784,35.335074,-81.328956
"734",37,71,30601,2710,35.39572,-81.367925
"735",37,71,30602,2507,35.388196,-81.400397
"736",37,71,30700,2955,35.371854,-81.375888
"737",37,71,30801,1476,35.286411,-81.319759
"738",37,71,30802,4215,35.295142,-81.269527
"739",37,71,30901,2273,35.314039,-81.180909
"740",37,71,30902,2927,35.308906,-81.164787
"741",37,71,31001,2865,35.284727,-81.073362
"742",37,71,31003,3803,35.309366,-81.05715
"743",37,71,31004,2561,35.288756,-81.051732
"744",37,71,31101,2767,35.314181,-81.029602
"745",37,71,31102,2201,35.289809,-81.020336
"746",37,71,31201,3080,35.274499,-81.024561
"747",37,71,31202,2404,35.267853,-81.040026
"748",37,71,31301,3383,35.2876,-81.126205
"749",37,71,31302,4535,35.27254,-81.105513
"750",37,71,31401,2986,35.285841,-81.161826
"751",37,71,31402,2356,35.293499,-81.147696
"752",37,71,31500,3381,35.272489,-81.206794
"753",37,71,31600,3489,35.27151,-81.290974
"754",37,71,31701,3670,35.189859,-81.273396
"755",37,71,31703,2709,35.245004,-81.254742
"756",37,71,31704,3690,35.207149,-81.24682
"757",37,71,31800,3532,35.265135,-81.23148
"758",37,71,31900,2973,35.272239,-81.192392
"759",37,71,32000,2655,35.272376,-81.176843
"760",37,71,32100,2923,35.268757,-81.154016
"761",37,71,32200,3906,35.247803,-81.084264
"762",37,71,32301,2308,35.250354,-81.054354
"763",37,71,32302,2626,35.246152,-81.023684
"764",37,71,32401,4577,35.232577,-81.045232
"765",37,71,32402,4288,35.20077,-81.027757
"766",37,71,32502,3153,35.198962,-81.074885
"767",37,71,32505,3299,35.238975,-81.143465
"768",37,71,32506,3375,35.232416,-81.124447
"769",37,71,32507,3405,35.233262,-81.107451
"770",37,71,32508,2745,35.226633,-81.085998
"771",37,71,32600,3825,35.251656,-81.126989
"772",37,71,32702,1798,35.22819,-81.163719
"773",37,71,32703,1940,35.256927,-81.165915
"774",37,71,32704,4488,35.245556,-81.160894
"775",37,71,32800,6203,35.239544,-81.180449
"776",37,71,32900,3472,35.253533,-81.197299
"777",37,71,33100,2538,35.252208,-81.219928
"778",37,71,33202,2062,35.216612,-81.185629
"779",37,71,33203,2438,35.241243,-81.206531
"780",37,71,33204,3791,35.232321,-81.213525
"781",37,71,33303,3196,35.220034,-81.137922
"782",37,71,33304,4597,35.202964,-81.141085
"783",37,71,33305,3942,35.189515,-81.175275
"784",37,71,33306,1572,35.165672,-81.139727
"785",37,71,33307,1922,35.17961,-81.095544
"786",37,71,33400,2869,35.204024,-81.208052
"787",37,71,33500,4731,35.343592,-81.105286
"788",37,73,970100,4684,36.440801,-76.608655
"789",37,73,970200,4174,36.488824,-76.719967
"790",37,73,970300,3339,36.472417,-76.82573
"791",37,75,920100,2197,35.391878,-83.74048
"792",37,75,920200,2869,35.326216,-83.773537
"793",37,75,920300,3795,35.2993,-83.826321
"794",37,77,970101,5273,36.467504,-78.612447
"795",37,77,970102,3606,36.372095,-78.712545
"796",37,77,970200,4270,36.343839,-78.583761
"797",37,77,970300,3646,36.298721,-78.614998
"798",37,77,970400,4040,36.306161,-78.580108
"799",37,77,970500,3839,36.262302,-78.564766
"800",37,77,970601,5380,36.150609,-78.589655
"801",37,77,970602,7583,36.080432,-78.597684
"802",37,77,970603,6260,36.116999,-78.710127
"803",37,77,970701,4749,36.228919,-78.718362
"804",37,77,970702,2516,36.14299,-78.74753
"805",37,77,970703,4067,36.119731,-78.776365
"806",37,77,970704,4687,36.153173,-78.794563
"807",37,79,950101,4018,35.566448,-77.687024
"808",37,79,950102,5260,35.474184,-77.581229
"809",37,79,950200,4704,35.455383,-77.77668
"810",37,79,950300,7380,35.42028,-77.654667
"811",37,81,10100,1561,36.093444,-79.760683
"812",37,81,10200,4070,36.106944,-79.775861
"813",37,81,10300,2426,36.094657,-79.771989
"814",37,81,10401,1453,36.089788,-79.80321
"815",37,81,10403,1594,36.104905,-79.814889
"816",37,81,10404,2502,36.099938,-79.798654
"817",37,81,10500,2173,36.079816,-79.817336
"818",37,81,10601,2780,36.067204,-79.838389
"819",37,81,10602,4592,36.067176,-79.822533
"820",37,81,10701,1919,36.076153,-79.804598
"821",37,81,10702,4307,36.069684,-79.807442
"822",37,81,10800,2409,36.075838,-79.791893
"823",37,81,10900,2001,36.081931,-79.782001
"824",37,81,11000,4768,36.075631,-79.772
"825",37,81,11101,4260,36.068188,-79.756637
"826",37,81,11102,2602,36.054477,-79.759845
"827",37,81,11200,5391,36.064538,-79.77584
"828",37,81,11300,2862,36.053415,-79.781146
"829",37,81,11400,5291,36.05353,-79.79896
"830",37,81,11500,2964,36.056953,-79.809077
"831",37,81,11601,2453,36.052565,-79.822457
"832",37,81,11602,2981,36.052052,-79.844813
"833",37,81,11904,4265,36.134333,-79.775601
"834",37,81,11905,5077,36.131097,-79.753902
"835",37,81,12503,4176,36.114114,-79.816236
"836",37,81,12504,3246,36.074871,-79.863234
"837",37,81,12505,4353,36.083601,-79.853021
"838",37,81,12508,3289,36.104663,-79.832423
"839",37,81,12509,2223,36.100302,-79.84009
"840",37,81,12510,3090,36.11661,-79.857559
"841",37,81,12511,4961,36.099054,-79.856635
"842",37,81,12601,5912,36.062668,-79.868289
"843",37,81,12604,4908,36.041713,-79.813782
"844",37,81,12607,2301,36.043183,-79.883934
"845",37,81,12608,2392,36.043863,-79.855445
"846",37,81,12609,7342,36.027363,-79.853819
"847",37,81,12610,3159,36.032383,-79.83224
"848",37,81,12611,3577,36.025074,-79.824105
"849",37,81,12612,5947,36.017242,-79.814429
"850",37,81,12617,3478,36.041328,-79.869107
"851",37,81,12703,5373,36.12298,-79.794469
"852",37,81,12704,3214,36.118354,-79.766077
"853",37,81,12705,4056,36.100485,-79.745547
"854",37,81,12706,3159,36.091994,-79.745599
"855",37,81,12707,2589,36.080988,-79.747282
"856",37,81,12803,7640,36.057749,-79.726531
"857",37,81,12804,4184,36.01865,-79.792549
"858",37,81,12805,2545,36.032626,-79.76356
"859",37,81,13601,3092,35.973442,-79.993829
"860",37,81,13602,4138,35.976634,-80.009305
"861",37,81,13700,4141,35.96876,-80.02365
"862",37,81,13800,4685,35.968678,-79.991068
"863",37,81,13900,4509,35.958703,-79.988062
"864",37,81,14000,3079,35.949297,-80.023826
"865",37,81,14200,3503,35.946877,-79.988149
"866",37,81,14300,3045,35.941249,-80.008545
"867",37,81,14406,2337,35.980108,-79.962827
"868",37,81,14407,5635,35.980458,-80.038866
"869",37,81,14408,2326,35.936275,-80.041132
"870",37,81,14409,2893,35.999683,-80.01856
"871",37,81,14410,3591,35.994255,-80.01091
"872",37,81,14411,4806,35.987319,-79.989749
"873",37,81,14412,2587,35.994921,-79.973745
"874",37,81,14501,1300,35.928409,-80.015357
"875",37,81,14502,4433,35.928297,-79.971931
"876",37,81,14503,3523,35.960758,-79.961665
"877",37,81,15100,4097,36.207641,-79.626077
"878",37,81,15200,8412,36.096889,-79.563882
"879",37,81,15300,7791,36.084049,-79.653016
"880",37,81,15401,5527,36.160422,-79.683625
"881",37,81,15402,7211,36.128402,-79.722351
"882",37,81,15500,6111,36.154387,-79.766121
"883",37,81,15600,9324,36.216046,-79.780556
"884",37,81,15703,5863,36.130913,-79.814911
"885",37,81,15704,6171,36.148016,-79.852581
"886",37,81,15705,3158,36.132759,-79.844661
"887",37,81,15706,5288,36.15425,-79.798566
"888",37,81,15707,6612,36.145493,-79.825911
"889",37,81,15800,7984,36.200694,-79.896951
"890",37,81,15901,5270,36.231875,-79.973566
"891",37,81,15902,3611,36.184821,-80.003634
"892",37,81,16003,4294,36.154771,-79.948512
"893",37,81,16005,1721,36.156358,-79.886742
"894",37,81,16006,3159,36.132327,-79.880827
"895",37,81,16007,4933,36.120696,-79.876356
"896",37,81,16008,7034,36.138915,-79.930037
"897",37,81,16009,3743,36.130905,-79.908234
"898",37,81,16010,2607,36.107477,-79.900628
"899",37,81,16011,5627,36.072534,-79.906017
"900",37,81,16101,5063,36.094507,-79.893024
"901",37,81,16102,3930,36.083071,-79.900074
"902",37,81,16103,5068,36.07709,-79.880581
"903",37,81,16201,5352,36.137469,-79.997888
"904",37,81,16203,4013,36.05785,-80.021236
"905",37,81,16204,2985,36.056077,-79.993428
"906",37,81,16205,3903,36.043927,-79.981637
"907",37,81,16303,3316,36.02178,-80.027666
"908",37,81,16304,3758,36.026644,-80.00866
"909",37,81,16305,3538,36.030072,-79.984092
"910",37,81,16306,4500,36.015397,-79.968554
"911",37,81,16405,1691,36.059912,-79.91543
"912",37,81,16406,3300,36.04406,-79.944046
"913",37,81,16407,4577,36.034015,-79.938448
"914",37,81,16408,1956,36.024178,-79.931686
"915",37,81,16409,2513,36.002346,-79.939369
"916",37,81,16410,5520,35.972121,-79.941422
"917",37,81,16502,5598,36.007263,-79.882631
"918",37,81,16503,3729,36.045486,-79.900526
"919",37,81,16505,5072,36.027964,-79.911856
"920",37,81,16506,4900,36.023498,-79.90164
"921",37,81,16600,2500,35.933064,-79.931823
"922",37,81,16701,5126,35.993289,-79.8272
"923",37,81,16702,3522,35.9475,-79.840837
"924",37,81,16800,6584,35.989506,-79.780995
"925",37,81,16900,4698,35.934861,-79.744835
"926",37,81,17000,4516,35.951981,-79.619067
"927",37,81,17100,7273,35.995581,-79.711959
"928",37,81,17200,6919,36.033338,-79.63068
"929",37,81,980100,0,36.104942,-79.935643
"930",37,83,930100,3435,36.412615,-77.609714
"931",37,83,930200,5310,36.453499,-77.641301
"932",37,83,930300,4817,36.465656,-77.66182
"933",37,83,930400,3629,36.443329,-77.650902
"934",37,83,930501,3956,36.454244,-77.680504
"935",37,83,930502,5540,36.443055,-77.711653
"936",37,83,930600,4097,36.381716,-77.707675
"937",37,83,930700,4108,36.447963,-77.853065
"938",37,83,930800,5312,36.243316,-77.896689
"939",37,83,930900,5577,36.188987,-77.679417
"940",37,83,931000,3488,36.28675,-77.538556
"941",37,83,931100,5422,36.117052,-77.422124
"942",37,85,70100,4530,35.29784,-78.617729
"943",37,85,70200,3262,35.318219,-78.585202
"944",37,85,70300,4907,35.330005,-78.60996
"945",37,85,70401,3963,35.387844,-78.689437
"946",37,85,70402,6679,35.415134,-78.640229
"947",37,85,70500,5914,35.318818,-78.669416
"948",37,85,70600,4377,35.287987,-78.802023
"949",37,85,70700,5400,35.386054,-78.815369
"950",37,85,70801,2070,35.444793,-78.765779
"951",37,85,70802,4969,35.408567,-78.740126
"952",37,85,70901,2574,35.514084,-78.727814
"953",37,85,70902,2680,35.491168,-78.708191
"954",37,85,70903,2266,35.480685,-78.746868
"955",37,85,70904,3344,35.501865,-78.771836
"956",37,85,71001,5029,35.503055,-78.823111
"957",37,85,71002,3102,35.532057,-78.889306
"958",37,85,71101,3410,35.43756,-78.939358
"959",37,85,71102,4911,35.393447,-78.95584
"960",37,85,71201,2264,35.265976,-78.898275
"961",37,85,71202,4178,35.245065,-78.950701
"962",37,85,71203,1331,35.245036,-78.970445
"963",37,85,71204,4560,35.287197,-78.953783
"964",37,85,71301,3558,35.358472,-79.046905
"965",37,85,71302,5250,35.317488,-79.044198
"966",37,85,71303,7714,35.281407,-79.032258
"967",37,85,71401,3908,35.312146,-79.111375
"968",37,85,71402,8528,35.253768,-79.089612
"969",37,87,920101,3393,35.585561,-83.033103
"970",37,87,920102,3818,35.630811,-82.946836
"971",37,87,920200,6625,35.558335,-82.830911
"972",37,87,920300,3283,35.521869,-82.830259
"973",37,87,920400,1921,35.53405,-82.861374
"974",37,87,920500,6214,35.538368,-82.919652
"975",37,87,920600,4493,35.53091,-82.987977
"976",37,87,920700,3194,35.518809,-83.08086
"977",37,87,920800,3037,35.477341,-83.039185
"978",37,87,920900,1996,35.493173,-82.995561
"979",37,87,921000,3322,35.500995,-82.966594
"980",37,87,921100,2468,35.473318,-82.984012
"981",37,87,921200,5649,35.459067,-83.010879
"982",37,87,921301,4182,35.471436,-82.909019
"983",37,87,921302,5431,35.464075,-82.841642
"984",37,87,980100,10,35.662479,-83.140812
"985",37,89,930100,4484,35.422433,-82.341621
"986",37,89,930200,6797,35.339973,-82.357764
"987",37,89,930300,6408,35.337784,-82.40346
"988",37,89,930401,2697,35.376778,-82.446225
"989",37,89,930402,2596,35.385468,-82.402923
"990",37,89,930501,4034,35.395207,-82.494635
"991",37,89,930502,4614,35.429629,-82.461236
"992",37,89,930600,4959,35.435311,-82.514239
"993",37,89,930701,3410,35.417856,-82.577493
"994",37,89,930702,4506,35.37089,-82.587198
"995",37,89,930703,5578,35.322744,-82.601174
"996",37,89,930800,5057,35.371409,-82.502352
"997",37,89,930900,3096,35.341179,-82.481417
"998",37,89,931000,5532,35.339752,-82.444337
"999",37,89,931100,2378,35.325686,-82.465419
"1000",37,89,931200,2240,35.315258,-82.467671
"1001",37,89,931300,3589,35.301736,-82.446175
"1002",37,89,931400,5476,35.285146,-82.41902
"1003",37,89,931500,3554,35.267459,-82.443849
"1004",37,89,931600,4747,35.293746,-82.47829
"1005",37,89,931700,2696,35.308443,-82.496403
"1006",37,89,931801,2988,35.344779,-82.505783
"1007",37,89,931802,4332,35.333398,-82.517449
"1008",37,89,931901,3503,35.301024,-82.560522
"1009",37,89,931902,2927,35.253338,-82.536487
"1010",37,89,932000,4542,35.217734,-82.433037
"1011",37,89,980100,0,35.406266,-82.693691
"1012",37,91,950100,7429,36.442408,-77.086956
"1013",37,91,950200,6038,36.355022,-76.913934
"1014",37,91,950300,3303,36.302623,-77.077194
"1015",37,91,950401,3543,36.278672,-77.000769
"1016",37,91,950402,4356,36.286768,-76.968475
"1017",37,93,970101,8327,35.034219,-79.140934
"1018",37,93,970102,11350,35.006739,-79.129601
"1019",37,93,970103,7549,34.97849,-79.092882
"1020",37,93,970201,4204,35.043467,-79.354681
"1021",37,93,970202,3643,34.952136,-79.301301
"1022",37,93,970300,5125,34.984479,-79.226122
"1023",37,93,970401,3710,34.91502,-79.143205
"1024",37,93,970402,3044,34.901518,-79.227398
"1025",37,93,980100,0,35.119311,-79.231079
"1026",37,95,920100,5810,35.43421,-76.208134
"1027",37,95,990100,0,35.107001,-75.881206
"1028",37,95,990200,0,35.294437,-76.02515
"1029",37,97,60100,5362,35.793228,-80.874748
"1030",37,97,60200,1985,35.771202,-80.877464
"1031",37,97,60300,2706,35.767941,-80.891802
"1032",37,97,60400,4066,35.781377,-80.919682
"1033",37,97,60500,4103,35.7908,-80.897066
"1034",37,97,60601,5347,35.794013,-80.847346
"1035",37,97,60602,1972,35.797925,-80.818535
"1036",37,97,60603,1587,35.759087,-80.831538
"1037",37,97,60701,3044,35.770425,-80.779436
"1038",37,97,60702,4100,35.836435,-80.777625
"1039",37,97,60703,2879,35.8543,-80.839556
"1040",37,97,60801,3482,35.992146,-80.77586
"1041",37,97,60802,3564,35.920914,-80.769625
"1042",37,97,60901,3186,36.011452,-80.914719
"1043",37,97,60902,3854,35.926054,-80.936974
"1044",37,97,61001,3722,35.850606,-80.886407
"1045",37,97,61002,4143,35.837056,-80.960624
"1046",37,97,61003,3572,35.821289,-80.905661
"1047",37,97,61101,2668,35.809491,-81.046156
"1048",37,97,61102,3085,35.794003,-81.000582
"1049",37,97,61103,2769,35.744236,-81.014814
"1050",37,97,61104,2176,35.755603,-80.962942
"1051",37,97,61201,3428,35.736646,-80.912965
"1052",37,97,61202,4652,35.692401,-80.889021
"1053",37,97,61203,4148,35.621993,-80.876881
"1054",37,97,61204,3019,35.630671,-80.903189
"1055",37,97,61205,3587,35.686084,-80.946697
"1056",37,97,61301,2707,35.715068,-80.81383
"1057",37,97,61302,3904,35.666644,-80.820277
"1058",37,97,61303,4115,35.621296,-80.795885
"1059",37,97,61304,4705,35.607032,-80.834268
"1060",37,97,61401,4208,35.561929,-80.932672
"1061",37,97,61402,5148,35.586782,-80.895334
"1062",37,97,61403,3350,35.579773,-80.853782
"1063",37,97,61404,2016,35.55126,-80.866395
"1064",37,97,61405,3531,35.563464,-80.885792
"1065",37,97,61406,4258,35.535742,-80.921473
"1066",37,97,61407,3789,35.524362,-80.850809
"1067",37,97,61408,3541,35.534749,-80.780503
"1068",37,97,61501,3333,35.597327,-80.798254
"1069",37,97,61502,3751,35.579533,-80.786773
"1070",37,97,61503,4206,35.561033,-80.799342
"1071",37,97,61601,3296,35.585976,-80.819732
"1072",37,97,61602,7373,35.560748,-80.828519
"1073",37,99,940200,5910,35.461002,-83.283129
"1074",37,99,950200,1756,35.412423,-83.121764
"1075",37,99,950300,5241,35.393653,-83.217071
"1076",37,99,950400,4224,35.361494,-83.20409
"1077",37,99,950500,5488,35.33388,-83.281758
"1078",37,99,950600,10568,35.30126,-83.188202
"1079",37,99,950700,2835,35.296961,-83.0926
"1080",37,99,950800,1979,35.181784,-83.144662
"1081",37,99,950900,2270,35.108075,-83.081678
"1082",37,101,40100,6942,35.577085,-78.155183
"1083",37,101,40201,6342,35.717589,-78.233751
"1084",37,101,40202,6479,35.691221,-78.305546
"1085",37,101,40203,14249,35.677392,-78.385063
"1086",37,101,40301,3901,35.546948,-78.267009
"1087",37,101,40302,5538,35.560842,-78.291535
"1088",37,101,40400,4407,35.509981,-78.237592
"1089",37,101,40500,6351,35.460457,-78.185223
"1090",37,101,40600,3192,35.478193,-78.313797
"1091",37,101,40700,3408,35.518667,-78.326776
"1092",37,101,40800,3471,35.500456,-78.355444
"1093",37,101,40901,10844,35.588224,-78.368596
"1094",37,101,40902,6385,35.558496,-78.419829
"1095",37,101,41001,7563,35.63741,-78.454277
"1096",37,101,41002,7492,35.662628,-78.474847
"1097",37,101,41101,7433,35.59908,-78.485348
"1098",37,101,41102,9637,35.615535,-78.555241
"1099",37,101,41103,12699,35.571671,-78.531729
"1100",37,101,41201,3851,35.472048,-78.421075
"1101",37,101,41202,5115,35.416556,-78.412617
"1102",37,101,41300,5991,35.320981,-78.405444
"1103",37,101,41400,6695,35.385968,-78.536354
"1104",37,101,41501,6838,35.504417,-78.522376
"1105",37,101,41502,6980,35.542204,-78.618206
"1106",37,101,41503,7075,35.483709,-78.606562
"1107",37,103,920100,3888,34.956595,-77.213012
"1108",37,103,920200,2776,35.050774,-77.339082
"1109",37,103,920300,3489,35.087863,-77.520508
"1110",37,105,30101,4438,35.48252,-79.190283
"1111",37,105,30102,5454,35.477142,-79.214116
"1112",37,105,30200,3646,35.483404,-79.169721
"1113",37,105,30300,3237,35.469194,-79.174851
"1114",37,105,30401,4173,35.46959,-79.126639
"1115",37,105,30402,6248,35.448958,-79.163741
"1116",37,105,30501,4092,35.420152,-79.109501
"1117",37,105,30502,2113,35.42787,-79.188389
"1118",37,105,30503,7296,35.368722,-79.197578
"1119",37,105,30601,3377,35.507037,-79.227827
"1120",37,105,30602,4711,35.445089,-79.2689
"1121",37,105,30701,4751,35.556662,-79.146745
"1122",37,105,30702,4330,35.473106,-79.05746
"1123",37,107,10100,4889,35.348737,-77.498477
"1124",37,107,10200,2545,35.267241,-77.557996
"1125",37,107,10300,2008,35.256524,-77.572324
"1126",37,107,10400,1007,35.263063,-77.572449
"1127",37,107,10500,3790,35.281832,-77.573249
"1128",37,107,10600,3574,35.277735,-77.591331
"1129",37,107,10700,2362,35.26723,-77.590389
"1130",37,107,10800,5049,35.292199,-77.608368
"1131",37,107,10900,3413,35.330716,-77.611978
"1132",37,107,11001,4483,35.281489,-77.667773
"1133",37,107,11002,4012,35.317477,-77.698257
"1134",37,107,11100,5820,35.301782,-77.787281
"1135",37,107,11200,6682,35.118806,-77.727492
"1136",37,107,11300,5134,35.213387,-77.644438
"1137",37,107,11400,4727,35.204016,-77.554657
"1138",37,109,70100,4826,35.470221,-81.253902
"1139",37,109,70201,4192,35.489571,-81.22611
"1140",37,109,70202,3349,35.495321,-81.189578
"1141",37,109,70300,4042,35.455272,-81.220262
"1142",37,109,70400,6079,35.440036,-81.278165
"1143",37,109,70500,4914,35.46491,-81.412486
"1144",37,109,70600,4585,35.536437,-81.430643
"1145",37,109,70700,3180,35.501075,-81.319883
"1146",37,109,70800,6506,35.524638,-81.238221
"1147",37,109,70901,3159,35.536808,-81.148462
"1148",37,109,70902,6338,35.505292,-81.101667
"1149",37,109,71001,5253,35.447061,-81.149144
"1150",37,109,71002,2681,35.429349,-81.074793
"1151",37,109,71101,5315,35.506652,-81.023481
"1152",37,109,71102,4805,35.432585,-80.993142
"1153",37,109,71201,1729,35.463275,-80.978017
"1154",37,109,71202,3145,35.491672,-80.980934
"1155",37,109,71203,4167,35.527401,-80.981377
"1156",37,111,970100,5273,35.774634,-82.025549
"1157",37,111,970200,4919,35.704142,-81.936687
"1158",37,111,970300,3261,35.699662,-82.004914
"1159",37,111,970400,2776,35.68435,-81.994138
"1160",37,111,970500,3954,35.663196,-82.014977
"1161",37,111,970600,3680,35.668469,-82.049645
"1162",37,111,970700,4380,35.668953,-82.138007
"1163",37,111,970800,4227,35.596116,-82.170793
"1164",37,111,970901,7429,35.63501,-81.913125
"1165",37,111,970902,5097,35.60354,-82.043406
"1166",37,113,970100,2684,35.261261,-83.382077
"1167",37,113,970200,4090,35.207772,-83.508228
"1168",37,113,970301,4006,35.192831,-83.377569
"1169",37,113,970302,4050,35.182542,-83.414333
"1170",37,113,970400,3924,35.193323,-83.31676
"1171",37,113,970501,1435,35.085042,-83.207828
"1172",37,113,970502,1504,35.034714,-83.205198
"1173",37,113,970600,5755,35.116406,-83.354383
"1174",37,113,970700,6474,35.102754,-83.42211
"1175",37,115,10100,2546,35.946777,-82.620304
"1176",37,115,10200,2294,35.851249,-82.858568
"1177",37,115,10400,1911,35.825363,-82.744677
"1178",37,115,10500,4816,35.788769,-82.676058
"1179",37,115,10600,6322,35.825852,-82.571539
"1180",37,115,10700,2875,35.856468,-82.493922
"1181",37,117,970100,4183,35.796733,-76.913425
"1182",37,117,970200,4586,35.834221,-77.067047
"1183",37,117,970300,4385,35.858165,-77.080158
"1184",37,117,970400,2652,35.945652,-77.264105
"1185",37,117,970500,5397,35.786946,-77.116842
"1186",37,117,970600,3302,35.826698,-77.255094
"1187",37,119,100,3425,35.229062,-80.844313
"1188",37,119,300,407,35.212709,-80.839807
"1189",37,119,400,1599,35.21633,-80.853635
"1190",37,119,500,4964,35.232871,-80.846
"1191",37,119,600,4100,35.224193,-80.834045
"1192",37,119,700,736,35.238419,-80.818474
"1193",37,119,800,2284,35.228961,-80.81997
"1194",37,119,900,1556,35.237007,-80.810409
"1195",37,119,1000,2319,35.225866,-80.807663
"1196",37,119,1100,1809,35.213484,-80.807068
"1197",37,119,1200,5650,35.224589,-80.787168
"1198",37,119,1300,3893,35.238959,-80.790444
"1199",37,119,1400,2607,35.246266,-80.796998
"1200",37,119,1504,6401,35.243134,-80.762961
"1201",37,119,1505,3678,35.275032,-80.754631
"1202",37,119,1507,4004,35.246372,-80.744035
"1203",37,119,1508,6061,35.241787,-80.727646
"1204",37,119,1509,2976,35.256766,-80.760181
"1205",37,119,1510,3047,35.257202,-80.745287
"1206",37,119,1603,4598,35.22756,-80.763217
"1207",37,119,1605,1776,35.21996,-80.774522
"1208",37,119,1606,4295,35.217108,-80.762233
"1209",37,119,1607,2613,35.210575,-80.748348
"1210",37,119,1608,3933,35.236226,-80.763432
"1211",37,119,1609,3168,35.222551,-80.7428
"1212",37,119,1701,3749,35.213263,-80.7927
"1213",37,119,1702,4881,35.207117,-80.766765
"1214",37,119,1801,1249,35.205105,-80.7961
"1215",37,119,1802,2892,35.192994,-80.778612
"1216",37,119,1910,5117,35.196846,-80.732917
"1217",37,119,1911,5441,35.189265,-80.717935
"1218",37,119,1912,6565,35.213088,-80.732428
"1219",37,119,1914,3485,35.180082,-80.761863
"1220",37,119,1915,6293,35.163296,-80.745992
"1221",37,119,1916,3725,35.202933,-80.706363
"1222",37,119,1917,3567,35.200009,-80.689575
"1223",37,119,1918,3527,35.198268,-80.753967
"1224",37,119,1919,3379,35.190599,-80.750281
"1225",37,119,1920,4226,35.180331,-80.743246
"1226",37,119,1921,2356,35.174009,-80.729985
"1227",37,119,1922,4340,35.219034,-80.706786
"1228",37,119,1923,3605,35.211383,-80.71824
"1229",37,119,2002,5725,35.168994,-80.788764
"1230",37,119,2003,5395,35.158191,-80.764178
"1231",37,119,2004,4934,35.142979,-80.780009
"1232",37,119,2100,2546,35.185032,-80.785241
"1233",37,119,2200,4859,35.183315,-80.805541
"1234",37,119,2300,2652,35.196313,-80.802913
"1235",37,119,2400,2514,35.206988,-80.816051
"1236",37,119,2500,1539,35.217523,-80.820456
"1237",37,119,2600,818,35.209518,-80.830892
"1238",37,119,2701,2208,35.199981,-80.830533
"1239",37,119,2702,5372,35.182287,-80.837946
"1240",37,119,2800,3627,35.192299,-80.822264
"1241",37,119,2903,3636,35.15325,-80.817271
"1242",37,119,2904,6717,35.144279,-80.79833
"1243",37,119,2905,3066,35.168849,-80.821828
"1244",37,119,2906,4034,35.160338,-80.837563
"1245",37,119,3006,3930,35.132832,-80.830719
"1246",37,119,3007,6569,35.122896,-80.813066
"1247",37,119,3008,5741,35.097438,-80.839794
"1248",37,119,3011,5951,35.133035,-80.843263
"1249",37,119,3012,4247,35.103008,-80.851407
"1250",37,119,3013,5121,35.104432,-80.807598
"1251",37,119,3015,4422,35.124702,-80.764008
"1252",37,119,3016,4558,35.110123,-80.769661
"1253",37,119,3017,3359,35.099542,-80.800442
"1254",37,119,3018,2628,35.108055,-80.78616
"1255",37,119,3102,4067,35.155514,-80.863413
"1256",37,119,3103,4327,35.167391,-80.860008
"1257",37,119,3105,3480,35.131828,-80.857752
"1258",37,119,3106,2624,35.144973,-80.86967
"1259",37,119,3108,3221,35.129401,-80.870515
"1260",37,119,3109,3968,35.121732,-80.874418
"1261",37,119,3201,2785,35.185032,-80.87096
"1262",37,119,3203,2436,35.17742,-80.863792
"1263",37,119,3204,2967,35.182986,-80.855318
"1264",37,119,3300,2933,35.194807,-80.860988
"1265",37,119,3400,4423,35.200267,-80.851728
"1266",37,119,3500,2329,35.207449,-80.846002
"1267",37,119,3600,3176,35.216438,-80.874003
"1268",37,119,3700,2345,35.20582,-80.871407
"1269",37,119,3802,3414,35.197438,-80.891423
"1270",37,119,3805,1824,35.17493,-80.903454
"1271",37,119,3806,8292,35.158747,-80.907269
"1272",37,119,3807,4005,35.147014,-80.891613
"1273",37,119,3808,4811,35.1439,-80.88531
"1274",37,119,3902,4390,35.211671,-80.900048
"1275",37,119,3903,2541,35.20975,-80.919491
"1276",37,119,4000,4312,35.231323,-80.899625
"1277",37,119,4100,2795,35.233139,-80.869786
"1278",37,119,4200,2968,35.244343,-80.881686
"1279",37,119,4302,4524,35.260596,-80.893503
"1280",37,119,4303,2557,35.256672,-80.932937
"1281",37,119,4304,3466,35.264279,-80.914402
"1282",37,119,4305,5649,35.24752,-80.913418
"1283",37,119,4400,4249,35.285982,-80.878389
"1284",37,119,4500,2957,35.254305,-80.872066
"1285",37,119,4600,3040,35.260596,-80.861072
"1286",37,119,4700,2073,35.244981,-80.858133
"1287",37,119,4800,3422,35.25915,-80.849435
"1288",37,119,4900,737,35.243816,-80.841475
"1289",37,119,5000,1341,35.248758,-80.840892
"1290",37,119,5100,2340,35.259727,-80.833547
"1291",37,119,5200,2728,35.246987,-80.824816
"1292",37,119,5301,3326,35.261355,-80.801741
"1293",37,119,5305,5005,35.272941,-80.784304
"1294",37,119,5306,2437,35.262438,-80.781076
"1295",37,119,5307,3153,35.28037,-80.776815
"1296",37,119,5308,2383,35.273787,-80.770953
"1297",37,119,5401,6853,35.289742,-80.852891
"1298",37,119,5403,4052,35.298178,-80.827174
"1299",37,119,5404,4927,35.287822,-80.812859
"1300",37,119,5508,4190,35.345313,-80.811048
"1301",37,119,5509,5476,35.368882,-80.798599
"1302",37,119,5510,5207,35.322717,-80.824612
"1303",37,119,5511,3636,35.333267,-80.806046
"1304",37,119,5512,4675,35.313168,-80.803735
"1305",37,119,5513,3938,35.353577,-80.789228
"1306",37,119,5514,6511,35.335533,-80.784089
"1307",37,119,5515,2482,35.393262,-80.761827
"1308",37,119,5516,1762,35.385388,-80.763859
"1309",37,119,5517,4282,35.379332,-80.775052
"1310",37,119,5518,4582,35.357726,-80.770421
"1311",37,119,5519,4717,35.374673,-80.74931
"1312",37,119,5520,4495,35.344584,-80.75103
"1313",37,119,5521,5951,35.338281,-80.724121
"1314",37,119,5522,4640,35.320179,-80.785732
"1315",37,119,5523,4720,35.318715,-80.74701
"1316",37,119,5524,8078,35.300527,-80.784424
"1317",37,119,5604,4461,35.306132,-80.732348
"1318",37,119,5605,5965,35.29303,-80.733229
"1319",37,119,5609,3334,35.315907,-80.718381
"1320",37,119,5610,3394,35.319557,-80.705101
"1321",37,119,5611,2383,35.326004,-80.698416
"1322",37,119,5612,4451,35.297302,-80.716188
"1323",37,119,5613,1820,35.282505,-80.723085
"1324",37,119,5614,6639,35.301052,-80.693346
"1325",37,119,5615,1248,35.286993,-80.6858
"1326",37,119,5616,1761,35.269984,-80.710529
"1327",37,119,5617,1931,35.243398,-80.712806
"1328",37,119,5618,3156,35.263768,-80.682488
"1329",37,119,5619,3956,35.251433,-80.66979
"1330",37,119,5620,6904,35.229335,-80.67242
"1331",37,119,5621,4541,35.24301,-80.640373
"1332",37,119,5706,6637,35.193172,-80.666137
"1333",37,119,5709,3488,35.133717,-80.69848
"1334",37,119,5710,3985,35.181854,-80.705335
"1335",37,119,5711,5651,35.16626,-80.682416
"1336",37,119,5712,3636,35.122744,-80.677902
"1337",37,119,5713,3623,35.14672,-80.657876
"1338",37,119,5714,4751,35.179711,-80.619912
"1339",37,119,5715,2526,35.21052,-80.593694
"1340",37,119,5716,4462,35.168267,-80.71834
"1341",37,119,5717,5930,35.154302,-80.717285
"1342",37,119,5811,3880,35.13807,-80.752174
"1343",37,119,5812,6077,35.134125,-80.730759
"1344",37,119,5815,3210,35.085546,-80.799837
"1345",37,119,5816,3872,35.069903,-80.805663
"1346",37,119,5817,4001,35.073543,-80.783095
"1347",37,119,5823,7873,35.072565,-80.733495
"1348",37,119,5824,2817,35.126894,-80.886459
"1349",37,119,5825,4323,35.074014,-80.890054
"1350",37,119,5826,2839,35.08294,-80.86672
"1351",37,119,5827,2366,35.110516,-80.875124
"1352",37,119,5828,3726,35.106481,-80.865686
"1353",37,119,5829,2556,35.092767,-80.864937
"1354",37,119,5830,3666,35.074468,-80.855843
"1355",37,119,5831,4480,35.080731,-80.837004
"1356",37,119,5832,2810,35.09988,-80.768416
"1357",37,119,5833,4642,35.108694,-80.741262
"1358",37,119,5834,4012,35.107026,-80.717518
"1359",37,119,5835,2632,35.092403,-80.712407
"1360",37,119,5836,4013,35.049432,-80.874565
"1361",37,119,5837,6227,35.047363,-80.857201
"1362",37,119,5838,6454,35.030149,-80.85299
"1363",37,119,5839,2381,35.068575,-80.836907
"1364",37,119,5840,2061,35.059708,-80.831401
"1365",37,119,5841,6194,35.049226,-80.832485
"1366",37,119,5842,5936,35.05096,-80.804707
"1367",37,119,5843,3054,35.03921,-80.814012
"1368",37,119,5844,6539,35.026558,-80.822787
"1369",37,119,5845,3480,35.052217,-80.78613
"1370",37,119,5846,4029,35.03877,-80.782823
"1371",37,119,5847,3983,35.073303,-80.761583
"1372",37,119,5848,5230,35.090746,-80.741907
"1373",37,119,5906,4478,35.225788,-80.985032
"1374",37,119,5907,4229,35.160321,-80.991669
"1375",37,119,5908,1535,35.117795,-81.024557
"1376",37,119,5909,6318,35.135251,-80.988524
"1377",37,119,5910,4224,35.106508,-80.998715
"1378",37,119,5911,4117,35.076536,-81.015764
"1379",37,119,5912,4816,35.160625,-80.934561
"1380",37,119,5913,6220,35.143619,-80.95454
"1381",37,119,5914,5563,35.118855,-80.972146
"1382",37,119,5915,1495,35.133509,-80.935428
"1383",37,119,5916,2271,35.134807,-80.915118
"1384",37,119,5917,5230,35.10565,-80.968562
"1385",37,119,5918,3435,35.089523,-80.9807
"1386",37,119,6005,2854,35.271245,-80.977414
"1387",37,119,6006,5911,35.264733,-80.950883
"1388",37,119,6007,6643,35.321867,-80.974293
"1389",37,119,6008,3635,35.308252,-80.966707
"1390",37,119,6009,2757,35.292942,-80.958261
"1391",37,119,6010,6436,35.29204,-80.928861
"1392",37,119,6103,3818,35.334661,-80.9425
"1393",37,119,6104,8187,35.30382,-80.903361
"1394",37,119,6105,2673,35.341616,-80.896251
"1395",37,119,6106,3551,35.352593,-80.86724
"1396",37,119,6107,4324,35.340142,-80.861973
"1397",37,119,6108,4341,35.316027,-80.878071
"1398",37,119,6109,3514,35.321115,-80.855638
"1399",37,119,6203,5083,35.493034,-80.885867
"1400",37,119,6204,7267,35.463593,-80.908415
"1401",37,119,6208,2476,35.471689,-80.884499
"1402",37,119,6209,3826,35.449503,-80.881187
"1403",37,119,6210,3678,35.431012,-80.896324
"1404",37,119,6211,6125,35.426289,-80.879344
"1405",37,119,6212,3183,35.411958,-80.867454
"1406",37,119,6213,5553,35.397025,-80.923183
"1407",37,119,6214,4067,35.397942,-80.884934
"1408",37,119,6215,4227,35.382359,-80.889951
"1409",37,119,6302,5950,35.40124,-80.811722
"1410",37,119,6303,5321,35.426686,-80.853449
"1411",37,119,6304,6045,35.429501,-80.825167
"1412",37,119,6403,5319,35.499358,-80.845432
"1413",37,119,6404,4952,35.474714,-80.804245
"1414",37,119,6405,3081,35.488824,-80.860929
"1415",37,119,6406,6132,35.46999,-80.861517
"1416",37,119,6407,3313,35.449605,-80.853757
"1417",37,119,980100,0,35.21206,-80.9498
"1418",37,119,980200,1,35.105248,-80.92068
"1419",37,119,980300,0,35.216909,-80.837982
"1420",37,121,950100,2479,36.082432,-82.217584
"1421",37,121,950200,3821,36.007954,-82.146932
"1422",37,121,950300,4372,35.932779,-82.063013
"1423",37,121,950400,4907,35.892293,-82.082699
"1424",37,123,960100,6431,35.380765,-79.78066
"1425",37,123,960200,7370,35.380595,-79.893045
"1426",37,123,960300,3914,35.419635,-80.061214
"1427",37,123,960401,2134,35.209677,-80.005835
"1428",37,123,960402,2306,35.265212,-80.016753
"1429",37,123,960500,5643,35.260151,-79.757131
"1430",37,125,950100,2712,35.462567,-79.497616
"1431",37,125,950200,7118,35.448554,-79.634385
"1432",37,125,950301,6142,35.292537,-79.581396
"1433",37,125,950302,4837,35.227582,-79.600955
"1434",37,125,950401,3939,35.314281,-79.450755
"1435",37,125,950402,4283,35.34742,-79.375533
"1436",37,125,950501,6438,35.266705,-79.226309
"1437",37,125,950502,8128,35.254382,-79.343391
"1438",37,125,950601,3259,35.199828,-79.497595
"1439",37,125,950602,6632,35.22176,-79.454958
"1440",37,125,950701,4542,35.179194,-79.486667
"1441",37,125,950702,2588,35.175566,-79.452842
"1442",37,125,950801,4445,35.181199,-79.416354
"1443",37,125,950802,3656,35.211377,-79.38621
"1444",37,125,950900,2422,35.176518,-79.390191
"1445",37,125,951000,4570,35.159049,-79.375426
"1446",37,125,951100,8172,35.138175,-79.420477
"1447",37,125,951200,4364,35.109835,-79.47547
"1448",37,127,10200,5155,35.920366,-77.814705
"1449",37,127,10300,6574,35.931811,-77.830107
"1450",37,127,10400,3356,35.9475,-77.804859
"1451",37,127,10502,7060,35.968767,-77.832906
"1452",37,127,10503,3107,35.977816,-77.860178
"1453",37,127,10504,5960,35.951202,-77.865091
"1454",37,127,10601,2730,35.994555,-77.813615
"1455",37,127,10602,5712,35.995534,-77.795391
"1456",37,127,10700,2743,36.061447,-77.772502
"1457",37,127,10800,7195,36.042438,-77.890605
"1458",37,127,10900,5502,36.072961,-78.002485
"1459",37,127,11000,4381,35.944872,-78.10447
"1460",37,127,11101,6000,35.967685,-77.917294
"1461",37,127,11102,7994,35.964371,-77.975515
"1462",37,127,11200,6167,35.876677,-77.88305
"1463",37,127,11300,4961,35.859356,-78.013556
"1464",37,127,11400,4304,35.794367,-78.11187
"1465",37,127,11500,6939,35.827593,-78.191419
"1466",37,129,10100,2512,34.241101,-77.938201
"1467",37,129,10200,3378,34.233221,-77.925385
"1468",37,129,10300,5365,34.246627,-77.906793
"1469",37,129,10400,2909,34.22933,-77.913111
"1470",37,129,10501,3820,34.235037,-77.883073
"1471",37,129,10502,7013,34.226872,-77.896405
"1472",37,129,10600,4064,34.208496,-77.907624
"1473",37,129,10700,3699,34.197741,-77.927435
"1474",37,129,10800,2668,34.190298,-77.940379
"1475",37,129,10900,2250,34.204049,-77.944005
"1476",37,129,11000,2248,34.215335,-77.933911
"1477",37,129,11100,2882,34.223809,-77.936404
"1478",37,129,11200,2312,34.231834,-77.939698
"1479",37,129,11300,1399,34.23196,-77.947404
"1480",37,129,11400,1420,34.24841,-77.941422
"1481",37,129,11500,7990,34.309351,-77.923824
"1482",37,129,11603,7436,34.303919,-77.880705
"1483",37,129,11605,4997,34.256536,-77.881001
"1484",37,129,11606,4176,34.262709,-77.856846
"1485",37,129,11607,10804,34.282745,-77.830297
"1486",37,129,11608,5358,34.299494,-77.845626
"1487",37,129,11701,4409,34.245706,-77.840984
"1488",37,129,11703,3802,34.241488,-77.805378
"1489",37,129,11705,8039,34.267965,-77.799869
"1490",37,129,11800,2473,34.211389,-77.79868
"1491",37,129,11902,5028,34.215179,-77.864966
"1492",37,129,11903,8514,34.228087,-77.863916
"1493",37,129,11904,1829,34.225421,-77.836519
"1494",37,129,12001,7013,34.202741,-77.849076
"1495",37,129,12004,3649,34.172781,-77.858181
"1496",37,129,12006,3865,34.186448,-77.900479
"1497",37,129,12007,3935,34.174406,-77.911827
"1498",37,129,12008,5430,34.159245,-77.90001
"1499",37,129,12009,7062,34.183691,-77.878014
"1500",37,129,12010,4840,34.165666,-77.877359
"1501",37,129,12101,8130,34.150573,-77.915607
"1502",37,129,12103,4307,34.145502,-77.880501
"1503",37,129,12104,5387,34.107291,-77.887972
"1504",37,129,12105,11361,34.095026,-77.909224
"1505",37,129,12201,2665,34.047559,-77.89224
"1506",37,129,12202,3048,34.028032,-77.900699
"1507",37,129,12203,2012,34.003735,-77.906781
"1508",37,129,12300,7167,34.293728,-77.772963
"1509",37,129,980100,2,34.269918,-77.903867
"1510",37,129,990100,0,34.077741,-77.827347
"1511",37,131,920100,5538,36.445886,-77.238841
"1512",37,131,920200,4636,36.310658,-77.261414
"1513",37,131,920300,6055,36.432441,-77.487005
"1514",37,131,920401,4370,36.509812,-77.654187
"1515",37,131,920402,1500,36.526528,-77.845108
"1516",37,133,102,8166,34.70761,-77.155628
"1517",37,133,103,5415,34.819966,-77.265257
"1518",37,133,201,9234,34.903062,-77.574104
"1519",37,133,202,10317,34.828279,-77.533269
"1520",37,133,301,5981,34.766637,-77.586802
"1521",37,133,302,9027,34.698586,-77.528457
"1522",37,133,401,4787,34.514995,-77.504599
"1523",37,133,402,5540,34.544792,-77.394498
"1524",37,133,403,1035,34.489017,-77.430295
"1525",37,133,500,1294,34.584933,-77.378439
"1526",37,133,600,10899,34.6593,-77.344447
"1527",37,133,700,5176,34.70327,-77.356369
"1528",37,133,800,1121,34.728509,-77.340814
"1529",37,133,900,6120,34.734806,-77.381132
"1530",37,133,1000,4455,34.721815,-77.450591
"1531",37,133,1101,4585,34.76321,-77.491212
"1532",37,133,1102,4570,34.739217,-77.474836
"1533",37,133,1200,10145,34.81378,-77.454851
"1534",37,133,1300,12779,34.792162,-77.404622
"1535",37,133,1400,4672,34.776354,-77.435923
"1536",37,133,1500,2909,34.774299,-77.423348
"1537",37,133,1700,2595,34.767441,-77.416684
"1538",37,133,1800,1922,34.748333,-77.427225
"1539",37,133,2100,6552,34.775146,-77.360923
"1540",37,133,2201,5250,34.759194,-77.36848
"1541",37,133,2202,5081,34.746456,-77.368509
"1542",37,133,2300,4552,34.759567,-77.317298
"1543",37,133,2400,6283,34.732766,-77.324009
"1544",37,133,2500,3126,34.723094,-77.248794
"1545",37,133,2600,4492,34.757816,-77.402984
"1546",37,133,2800,9692,34.679037,-77.202116
"1547",37,133,990100,0,34.519672,-77.308552
"1548",37,135,10701,1973,35.918061,-79.118444
"1549",37,135,10703,6064,35.908575,-79.083918
"1550",37,135,10704,5134,35.889335,-79.090543
"1551",37,135,10705,4573,35.916543,-79.077178
"1552",37,135,10706,3203,35.933368,-79.087925
"1553",37,135,10801,5025,36.170063,-79.173416
"1554",37,135,10802,4654,36.176407,-79.024714
"1555",37,135,10901,5383,36.086422,-79.025502
"1556",37,135,10902,4724,36.040223,-79.060369
"1557",37,135,11000,7182,36.079924,-79.094401
"1558",37,135,11101,8028,36.099473,-79.203117
"1559",37,135,11102,5844,36.049367,-79.150373
"1560",37,135,11202,6885,35.967318,-79.109943
"1561",37,135,11203,5301,35.93728,-79.196991
"1562",37,135,11204,3189,35.987068,-79.03401
"1563",37,135,11205,7554,35.956223,-79.035706
"1564",37,135,11300,2926,35.917158,-79.060669
"1565",37,135,11400,3834,35.922137,-79.049714
"1566",37,135,11500,1812,35.917762,-79.03541
"1567",37,135,11601,2350,35.912305,-79.046855
"1568",37,135,11602,5786,35.903446,-79.044904
"1569",37,135,11700,4190,35.904991,-79.058804
"1570",37,135,11800,3186,35.931867,-79.064115
"1571",37,135,11901,5315,35.949803,-79.049919
"1572",37,135,11902,3945,35.944995,-79.028679
"1573",37,135,12100,7551,35.925417,-79.016732
"1574",37,135,12201,2566,35.883571,-79.040745
"1575",37,135,12202,5624,35.887718,-79.069963
"1576",37,137,950101,2941,35.118647,-76.904077
"1577",37,137,950102,4079,35.172115,-76.737815
"1578",37,137,950201,3885,35.036587,-76.779607
"1579",37,137,950202,2239,35.085602,-76.670392
"1580",37,137,990100,0,35.216496,-76.432264
"1581",37,139,960100,1731,36.302598,-76.219441
"1582",37,139,960200,5175,36.284966,-76.21153
"1583",37,139,960300,2962,36.289573,-76.232064
"1584",37,139,960400,4214,36.302107,-76.233275
"1585",37,139,960501,3210,36.357404,-76.257728
"1586",37,139,960502,5246,36.32887,-76.264304
"1587",37,139,960503,2699,36.420569,-76.392003
"1588",37,139,960600,6653,36.266898,-76.285178
"1589",37,139,960701,5654,36.254358,-76.197847
"1590",37,139,960702,3117,36.187148,-76.187054
"1591",37,141,920101,368,34.370942,-77.623682
"1592",37,141,920102,1094,34.423946,-77.551355
"1593",37,141,920103,4004,34.441406,-77.589995
"1594",37,141,920201,5678,34.402777,-77.640249
"1595",37,141,920202,6164,34.350798,-77.70456
"1596",37,141,920203,4074,34.403731,-77.753947
"1597",37,141,920204,2231,34.587417,-77.711199
"1598",37,141,920300,4232,34.668006,-77.986265
"1599",37,141,920401,2381,34.518709,-77.932421
"1600",37,141,920402,3102,34.55837,-77.950639
"1601",37,141,920403,3671,34.544876,-77.884036
"1602",37,141,920501,4633,34.532147,-78.11937
"1603",37,141,920502,1717,34.425908,-78.084977
"1604",37,141,920601,3093,34.462811,-77.931307
"1605",37,141,920602,5775,34.401691,-77.919492
"1606",37,141,990100,0,34.349246,-77.603126
"1607",37,143,920100,6853,36.216808,-76.393311
"1608",37,143,920201,2828,36.192889,-76.49355
"1609",37,143,920202,3772,36.108098,-76.429026
"1610",37,145,920100,6834,36.422293,-78.883646
"1611",37,145,920200,6749,36.448004,-79.036431
"1612",37,145,920300,6294,36.413731,-78.972396
"1613",37,145,920400,2851,36.389454,-78.988802
"1614",37,145,920500,6984,36.299374,-78.907592
"1615",37,145,920601,5133,36.349917,-79.033443
"1616",37,145,920602,4619,36.2654,-79.017407
"1617",37,147,100,5173,35.605157,-77.371064
"1618",37,147,201,4952,35.608234,-77.347266
"1619",37,147,202,2623,35.596686,-77.34572
"1620",37,147,301,3159,35.581739,-77.351893
"1621",37,147,302,8858,35.589624,-77.332096
"1622",37,147,400,6567,35.602384,-77.364941
"1623",37,147,501,5886,35.570559,-77.383374
"1624",37,147,502,6706,35.571731,-77.361321
"1625",37,147,601,6686,35.6066,-77.416078
"1626",37,147,602,5219,35.58029,-77.408458
"1627",37,147,603,9570,35.561495,-77.413234
"1628",37,147,701,3903,35.613318,-77.39155
"1629",37,147,702,2968,35.597416,-77.387738
"1630",37,147,800,3575,35.643965,-77.367602
"1631",37,147,900,8052,35.628272,-77.251129
"1632",37,147,1001,2240,35.592157,-77.2865
"1633",37,147,1002,6072,35.5702,-77.277892
"1634",37,147,1003,5272,35.55955,-77.320557
"1635",37,147,1100,5134,35.52934,-77.236637
"1636",37,147,1200,5939,35.48341,-77.322148
"1637",37,147,1301,3883,35.53434,-77.421511
"1638",37,147,1302,5177,35.527769,-77.393655
"1639",37,147,1303,7689,35.543778,-77.368848
"1640",37,147,1401,4801,35.467612,-77.427468
"1641",37,147,1402,2591,35.452622,-77.399127
"1642",37,147,1500,3315,35.378057,-77.418244
"1643",37,147,1600,7843,35.557559,-77.465234
"1644",37,147,1700,3753,35.622019,-77.47495
"1645",37,147,1800,6120,35.595781,-77.589057
"1646",37,147,1900,2889,35.673134,-77.585123
"1647",37,147,2001,6287,35.672543,-77.430145
"1648",37,147,2002,5246,35.757014,-77.376296
"1649",37,149,920101,3373,35.244595,-82.040771
"1650",37,149,920103,3197,35.235359,-82.126404
"1651",37,149,920104,2983,35.245898,-82.186335
"1652",37,149,920200,5061,35.331303,-82.185134
"1653",37,149,920301,1075,35.237109,-82.226483
"1654",37,149,920303,1947,35.236078,-82.312524
"1655",37,149,920304,2874,35.209836,-82.247754
"1656",37,151,30100,4597,35.690945,-79.824582
"1657",37,151,30201,3078,35.698982,-79.806331
"1658",37,151,30202,5078,35.664673,-79.806863
"1659",37,151,30301,6501,35.747283,-79.797196
"1660",37,151,30302,3041,35.712749,-79.796929
"1661",37,151,30400,4193,35.739411,-79.814651
"1662",37,151,30502,4019,35.720102,-79.842411
"1663",37,151,30503,5855,35.771744,-79.904976
"1664",37,151,30504,5893,35.778941,-79.995619
"1665",37,151,30600,6387,35.670114,-79.877651
"1666",37,151,30700,6011,35.594538,-79.936565
"1667",37,151,30801,7148,35.689019,-79.731985
"1668",37,151,30802,6290,35.576302,-79.764099
"1669",37,151,30900,3686,35.615913,-79.616438
"1670",37,151,31000,7151,35.756407,-79.62431
"1671",37,151,31100,5823,35.767647,-79.724545
"1672",37,151,31200,5336,35.860904,-79.583715
"1673",37,151,31303,4226,35.847689,-79.922583
"1674",37,151,31304,4701,35.873427,-79.885048
"1675",37,151,31305,4090,35.879073,-79.802133
"1676",37,151,31306,6845,35.870008,-79.723267
"1677",37,151,31400,8452,35.803612,-79.798309
"1678",37,151,31501,6079,35.846228,-80.023084
"1679",37,151,31503,3011,35.909586,-79.965261
"1680",37,151,31504,5234,35.899951,-79.945794
"1681",37,151,31505,3618,35.869235,-79.963824
"1682",37,151,31601,3905,35.896671,-80.025512
"1683",37,151,31602,1504,35.913449,-79.984192
"1684",37,153,970100,3676,35.017987,-79.611117
"1685",37,153,970200,4930,35.08927,-79.766231
"1686",37,153,970300,4878,34.970379,-79.781879
"1687",37,153,970400,4230,34.955002,-79.739019
"1688",37,153,970500,2503,34.942862,-79.764478
"1689",37,153,970600,4152,34.923155,-79.741066
"1690",37,153,970700,3130,34.916846,-79.764788
"1691",37,153,970800,5340,34.894768,-79.797529
"1692",37,153,970900,5236,34.88662,-79.723366
"1693",37,153,971000,4174,34.91634,-79.686101
"1694",37,153,971100,4390,34.869136,-79.672266
"1695",37,155,960101,4125,34.822333,-78.929739
"1696",37,155,960102,5195,34.808644,-78.980417
"1697",37,155,960201,6039,34.886921,-79.030401
"1698",37,155,960202,4664,34.823663,-79.092048
"1699",37,155,960300,6797,34.809607,-79.17126
"1700",37,155,960401,7157,34.766592,-79.275512
"1701",37,155,960402,3568,34.739453,-79.150084
"1702",37,155,960501,3413,34.701051,-79.198989
"1703",37,155,960502,6057,34.685261,-79.199755
"1704",37,155,960503,1764,34.646381,-79.157098
"1705",37,155,960600,6431,34.674785,-79.110175
"1706",37,155,960701,5471,34.7086,-79.033398
"1707",37,155,960702,3080,34.662071,-79.052657
"1708",37,155,960801,4529,34.607613,-79.037527
"1709",37,155,960802,1971,34.600531,-79.024952
"1710",37,155,960900,2001,34.633654,-79.014558
"1711",37,155,961000,2147,34.62524,-79.005836
"1712",37,155,961100,2050,34.609247,-78.985643
"1713",37,155,961200,2902,34.622673,-78.990686
"1714",37,155,961301,4473,34.66703,-78.976081
"1715",37,155,961302,5217,34.634039,-78.984831
"1716",37,155,961400,3833,34.70129,-78.90294
"1717",37,155,961500,5841,34.598488,-78.918793
"1718",37,155,961601,3856,34.541189,-78.987122
"1719",37,155,961602,3811,34.475784,-79.04711
"1720",37,155,961700,5568,34.490329,-79.121732
"1721",37,155,961801,5086,34.640966,-79.23872
"1722",37,155,961802,5198,34.569163,-79.142554
"1723",37,155,961900,4995,34.482756,-79.234388
"1724",37,155,962001,3709,34.729751,-79.338817
"1725",37,155,962002,3220,34.654081,-79.347697
"1726",37,157,40101,4097,36.458467,-79.626706
"1727",37,157,40102,2823,36.422318,-79.579058
"1728",37,157,40200,3949,36.514219,-79.694516
"1729",37,157,40300,3712,36.498159,-79.742492
"1730",37,157,40400,6361,36.517942,-79.760114
"1731",37,157,40501,3659,36.507948,-79.793115
"1732",37,157,40502,2876,36.484453,-79.78497
"1733",37,157,40601,3872,36.495181,-79.886788
"1734",37,157,40602,4784,36.446601,-79.874559
"1735",37,157,40700,4524,36.427316,-79.994431
"1736",37,157,40800,1666,36.388568,-79.969862
"1737",37,157,40900,2587,36.411251,-79.965644
"1738",37,157,41001,6103,36.308064,-79.974068
"1739",37,157,41002,5894,36.318489,-79.886723
"1740",37,157,41100,6657,36.430144,-79.731114
"1741",37,157,41200,5282,36.365781,-79.671062
"1742",37,157,41300,6737,36.30769,-79.598266
"1743",37,157,41400,2991,36.337529,-79.655323
"1744",37,157,41500,6942,36.335486,-79.680858
"1745",37,157,41601,3513,36.35344,-79.748333
"1746",37,157,41602,4614,36.274517,-79.75745
"1747",37,159,50201,3858,35.656151,-80.451011
"1748",37,159,50202,4291,35.644699,-80.471074
"1749",37,159,50300,3748,35.662242,-80.488018
"1750",37,159,50400,3154,35.673637,-80.485048
"1751",37,159,50500,3719,35.686255,-80.475152
"1752",37,159,50700,3196,35.695153,-80.43219
"1753",37,159,50800,2834,35.677397,-80.432277
"1754",37,159,50901,4139,35.662401,-80.342526
"1755",37,159,50903,6153,35.602257,-80.38699
"1756",37,159,50904,2582,35.558764,-80.299366
"1757",37,159,51001,7435,35.544105,-80.412361
"1758",37,159,51002,5877,35.600752,-80.444814
"1759",37,159,51101,6859,35.5582,-80.486444
"1760",37,159,51102,3774,35.591259,-80.51654
"1761",37,159,51201,6822,35.62566,-80.558132
"1762",37,159,51202,3297,35.678486,-80.545713
"1763",37,159,51204,3973,35.649964,-80.525504
"1764",37,159,51301,2046,35.725153,-80.538793
"1765",37,159,51302,4540,35.720834,-80.47226
"1766",37,159,51303,5548,35.696607,-80.51344
"1767",37,159,51400,6967,35.516447,-80.588285
"1768",37,159,51501,3876,35.514671,-80.626486
"1769",37,159,51502,3220,35.521207,-80.66433
"1770",37,159,51600,6499,35.546089,-80.617899
"1771",37,159,51700,7818,35.573973,-80.579018
"1772",37,159,51801,4148,35.53524,-80.705825
"1773",37,159,51802,4574,35.608576,-80.65268
"1774",37,159,51901,4637,35.679753,-80.671001
"1775",37,159,51902,6395,35.771878,-80.635084
"1776",37,159,52000,2449,35.672738,-80.464537
"1777",37,161,960100,6265,35.451926,-81.834837
"1778",37,161,960200,6973,35.441954,-82.029108
"1779",37,161,960300,2625,35.444496,-82.176772
"1780",37,161,960400,3448,35.312296,-81.954862
"1781",37,161,960500,8018,35.369325,-81.960938
"1782",37,161,960600,4175,35.362475,-81.925294
"1783",37,161,960700,4887,35.354411,-81.867183
"1784",37,161,960800,4475,35.32868,-81.869333
"1785",37,161,960900,5330,35.302275,-81.864809
"1786",37,161,961000,7425,35.342703,-81.772749
"1787",37,161,961101,6110,35.272429,-81.785968
"1788",37,161,961102,3349,35.225768,-81.822288
"1789",37,161,961200,4730,35.257441,-81.909976
"1790",37,163,970100,7110,35.086867,-78.253193
"1791",37,163,970200,6635,35.190078,-78.392097
"1792",37,163,970301,6549,35.231034,-78.559474
"1793",37,163,970302,5132,35.116354,-78.576102
"1794",37,163,970400,5315,34.971024,-78.550724
"1795",37,163,970500,5933,35.020674,-78.456201
"1796",37,163,970600,5094,35.014058,-78.341665
"1797",37,163,970700,6104,35.017461,-78.300166
"1798",37,163,970800,6969,34.960427,-78.312191
"1799",37,163,970900,3161,34.834874,-78.410719
"1800",37,163,971000,5429,34.78051,-78.263652
"1801",37,165,10101,3605,34.733576,-79.503744
"1802",37,165,10102,5186,34.76288,-79.486023
"1803",37,165,10200,4250,34.786207,-79.450506
"1804",37,165,10300,4443,34.762216,-79.455939
"1805",37,165,10400,3906,34.732783,-79.427352
"1806",37,165,10500,7281,34.777102,-79.563476
"1807",37,165,10600,7486,34.879294,-79.435278
"1808",37,167,930101,4482,35.447141,-80.280614
"1809",37,167,930102,3804,35.438209,-80.185755
"1810",37,167,930200,4446,35.384031,-80.128985
"1811",37,167,930300,3932,35.383484,-80.18693
"1812",37,167,930500,3588,35.36826,-80.220823
"1813",37,167,930700,4590,35.329342,-80.313062
"1814",37,167,930801,4525,35.271195,-80.413521
"1815",37,167,930802,4541,35.211851,-80.435571
"1816",37,167,930900,5789,35.235829,-80.337949
"1817",37,167,931000,5806,35.280493,-80.191261
"1818",37,167,931100,5754,35.228722,-80.1223
"1819",37,167,931201,6111,35.354424,-80.186209
"1820",37,167,931202,3217,35.340512,-80.227384
"1821",37,169,70100,6720,36.43243,-80.090042
"1822",37,169,70200,3660,36.446328,-80.242209
"1823",37,169,70300,4732,36.459879,-80.38251
"1824",37,169,70400,5337,36.34701,-80.393764
"1825",37,169,70501,6884,36.274394,-80.379036
"1826",37,169,70503,5850,36.294954,-80.346517
"1827",37,169,70504,3394,36.308794,-80.31322
"1828",37,169,70600,5143,36.331986,-80.210254
"1829",37,169,70700,5681,36.296285,-80.140608
"1830",37,171,930101,2093,36.508923,-80.485092
"1831",37,171,930102,4783,36.440544,-80.518349
"1832",37,171,930201,3543,36.519091,-80.562993
"1833",37,171,930202,3332,36.478346,-80.571446
"1834",37,171,930301,2042,36.538658,-80.602696
"1835",37,171,930302,3630,36.513584,-80.606725
"1836",37,171,930400,2576,36.491841,-80.605699
"1837",37,171,930501,2891,36.537926,-80.649235
"1838",37,171,930502,3338,36.506015,-80.634294
"1839",37,171,930600,3496,36.466096,-80.638973
"1840",37,171,930700,4355,36.504992,-80.702446
"1841",37,171,930801,5201,36.50048,-80.816255
"1842",37,171,930802,3176,36.36828,-80.853297
"1843",37,171,930901,4467,36.263565,-80.852721
"1844",37,171,930902,1605,36.298721,-80.825234
"1845",37,171,931001,2540,36.415359,-80.67583
"1846",37,171,931002,5216,36.390521,-80.724349
"1847",37,171,931003,3234,36.315596,-80.740797
"1848",37,171,931101,2870,36.403486,-80.610937
"1849",37,171,931102,3728,36.324134,-80.614714
"1850",37,171,931103,1846,36.305075,-80.49553
"1851",37,171,931200,3711,36.37596,-80.480968
"1852",37,173,940100,4831,35.497778,-83.326064
"1853",37,173,960200,3043,35.444212,-83.444797
"1854",37,173,960301,3296,35.391809,-83.505607
"1855",37,173,960302,2811,35.384753,-83.421499
"1856",37,173,980200,0,35.511028,-83.520196
"1857",37,175,960100,4324,35.290644,-82.671428
"1858",37,175,960200,4635,35.240613,-82.746083
"1859",37,175,960300,7519,35.227423,-82.730728
"1860",37,175,960401,4127,35.234683,-82.659194
"1861",37,175,960402,4269,35.153521,-82.71072
"1862",37,175,960500,5710,35.162161,-82.82882
"1863",37,175,960600,2506,35.129159,-82.927745
"1864",37,177,960100,4407,35.907144,-76.238874
"1865",37,179,20100,6266,35.090637,-80.39211
"1866",37,179,20202,6510,35.079548,-80.526444
"1867",37,179,20203,3795,35.158455,-80.592541
"1868",37,179,20204,3849,35.137445,-80.500605
"1869",37,179,20305,4656,35.098402,-80.606467
"1870",37,179,20306,6683,35.066485,-80.615231
"1871",37,179,20307,6693,35.030987,-80.64498
"1872",37,179,20308,5100,34.996648,-80.638253
"1873",37,179,20309,2347,35.134048,-80.622959
"1874",37,179,20310,5248,35.121224,-80.634305
"1875",37,179,20311,6048,35.095147,-80.644391
"1876",37,179,20312,4279,35.078377,-80.649238
"1877",37,179,20313,2222,35.081777,-80.685114
"1878",37,179,20314,4703,35.075281,-80.704628
"1879",37,179,20315,4880,35.055528,-80.701097
"1880",37,179,20316,4357,35.052952,-80.671285
"1881",37,179,20317,5353,35.037679,-80.66108
"1882",37,179,20401,5960,35.027612,-80.565039
"1883",37,179,20403,4435,34.997606,-80.598449
"1884",37,179,20404,6658,34.999924,-80.560946
"1885",37,179,20501,4883,34.974768,-80.568064
"1886",37,179,20502,3912,34.961441,-80.557544
"1887",37,179,20601,5151,34.997231,-80.505064
"1888",37,179,20602,4688,34.968333,-80.529848
"1889",37,179,20701,5383,34.998439,-80.444027
"1890",37,179,20702,4026,34.951236,-80.447944
"1891",37,179,20800,5232,34.981397,-80.361255
"1892",37,179,20901,5124,34.869142,-80.449656
"1893",37,179,20902,5929,34.867442,-80.611175
"1894",37,179,21004,4369,34.967042,-80.688426
"1895",37,179,21005,4630,34.930274,-80.636123
"1896",37,179,21006,5206,35.021275,-80.791731
"1897",37,179,21007,5967,35.00537,-80.804633
"1898",37,179,21008,6833,34.969379,-80.788252
"1899",37,179,21009,2460,34.981853,-80.760776
"1900",37,179,21010,6470,35.02873,-80.735032
"1901",37,179,21011,6058,34.999297,-80.698296
"1902",37,179,21012,3581,34.962806,-80.726911
"1903",37,179,21013,4087,34.936149,-80.755788
"1904",37,179,21014,2703,34.917812,-80.742578
"1905",37,179,21015,4558,34.864892,-80.736846
"1906",37,181,960100,4227,36.411224,-78.34522
"1907",37,181,960200,4170,36.457072,-78.436688
"1908",37,181,960300,5151,36.34452,-78.461756
"1909",37,181,960400,3960,36.320327,-78.433333
"1910",37,181,960500,5107,36.331569,-78.41152
"1911",37,181,960600,1566,36.339195,-78.387119
"1912",37,181,960700,4136,36.32254,-78.395702
"1913",37,181,960800,2306,36.304374,-78.401018
"1914",37,181,960900,8484,36.303963,-78.344924
"1915",37,181,961000,6315,36.24009,-78.426592
"1916",37,183,50100,2823,35.778686,-78.638216
"1917",37,183,50300,2488,35.790228,-78.648429
"1918",37,183,50400,1737,35.793587,-78.635225
"1919",37,183,50500,3533,35.795275,-78.621777
"1920",37,183,50600,3817,35.78515,-78.621177
"1921",37,183,50700,3139,35.774649,-78.62218
"1922",37,183,50800,4340,35.765309,-78.623635
"1923",37,183,50900,3555,35.768123,-78.637598
"1924",37,183,51000,1798,35.777462,-78.652886
"1925",37,183,51101,4696,35.786946,-78.683729
"1926",37,183,51102,4255,35.782444,-78.667122
"1927",37,183,51200,3476,35.790409,-78.659476
"1928",37,183,51400,5364,35.794877,-78.672978
"1929",37,183,51501,3212,35.823129,-78.673616
"1930",37,183,51502,2454,35.809151,-78.682306
"1931",37,183,51600,4523,35.806969,-78.658659
"1932",37,183,51700,3215,35.818918,-78.648725
"1933",37,183,51800,4302,35.807563,-78.635114
"1934",37,183,51900,4847,35.791515,-78.605118
"1935",37,183,52001,4261,35.783127,-78.586741
"1936",37,183,52002,4907,35.767897,-78.599203
"1937",37,183,52101,7468,35.741806,-78.623322
"1938",37,183,52102,5555,35.751429,-78.601523
"1939",37,183,52301,6024,35.758837,-78.701995
"1940",37,183,52302,7874,35.753129,-78.682608
"1941",37,183,52401,3205,35.800061,-78.717668
"1942",37,183,52404,4177,35.771421,-78.702845
"1943",37,183,52406,6413,35.778648,-78.733971
"1944",37,183,52407,3831,35.783166,-78.71145
"1945",37,183,52408,2923,35.779104,-78.691354
"1946",37,183,52409,4196,35.776316,-78.683571
"1947",37,183,52503,6396,35.832846,-78.70777
"1948",37,183,52504,5439,35.823838,-78.694751
"1949",37,183,52505,4638,35.847419,-78.672128
"1950",37,183,52506,2018,35.854966,-78.68868
"1951",37,183,52507,2803,35.84995,-78.703908
"1952",37,183,52601,3054,35.843946,-78.653013
"1953",37,183,52602,3723,35.845597,-78.634292
"1954",37,183,52603,2790,35.828027,-78.640163
"1955",37,183,52701,5702,35.838396,-78.618367
"1956",37,183,52704,6673,35.841466,-78.592018
"1957",37,183,52705,3799,35.82797,-78.596745
"1958",37,183,52706,4439,35.810175,-78.58707
"1959",37,183,52707,6417,35.819661,-78.573986
"1960",37,183,52801,6120,35.691337,-78.629221
"1961",37,183,52802,5704,35.707355,-78.640264
"1962",37,183,52803,9464,35.728617,-78.597186
"1963",37,183,52806,13750,35.743143,-78.547342
"1964",37,183,52807,4388,35.712181,-78.542393
"1965",37,183,52808,9146,35.682631,-78.599896
"1966",37,183,52809,2594,35.6626,-78.548564
"1967",37,183,52901,2871,35.576064,-78.656283
"1968",37,183,52902,5508,35.623654,-78.614493
"1969",37,183,52903,2914,35.653098,-78.63532
"1970",37,183,52904,7260,35.616765,-78.657993
"1971",37,183,53003,5465,35.744475,-78.748206
"1972",37,183,53004,2611,35.736079,-78.766872
"1973",37,183,53005,4980,35.714408,-78.776371
"1974",37,183,53006,3143,35.691634,-78.744029
"1975",37,183,53007,2866,35.71955,-78.733891
"1976",37,183,53008,7799,35.734964,-78.716289
"1977",37,183,53009,7235,35.68545,-78.671419
"1978",37,183,53105,3526,35.606133,-78.789017
"1979",37,183,53106,2895,35.590245,-78.814624
"1980",37,183,53107,8267,35.573286,-78.800153
"1981",37,183,53108,6473,35.558567,-78.747244
"1982",37,183,53109,7887,35.602839,-78.743044
"1983",37,183,53110,5523,35.622771,-78.697901
"1984",37,183,53111,5312,35.654176,-78.726464
"1985",37,183,53201,10377,35.660977,-78.767143
"1986",37,183,53202,4234,35.648451,-78.800593
"1987",37,183,53203,6736,35.667756,-78.824861
"1988",37,183,53204,4383,35.647958,-78.831349
"1989",37,183,53205,1707,35.629223,-78.809543
"1990",37,183,53206,4397,35.613158,-78.824798
"1991",37,183,53207,6663,35.624042,-78.866311
"1992",37,183,53405,4603,35.719272,-78.798774
"1993",37,183,53408,3885,35.781374,-78.859488
"1994",37,183,53409,6677,35.769024,-78.860938
"1995",37,183,53410,4567,35.812288,-78.91118
"1996",37,183,53411,6355,35.801297,-78.888363
"1997",37,183,53412,6046,35.752113,-78.897264
"1998",37,183,53413,4853,35.713845,-78.911726
"1999",37,183,53414,8709,35.729701,-78.875906
"2000",37,183,53415,3085,35.75028,-78.880517
"2001",37,183,53416,5267,35.744576,-78.861716
"2002",37,183,53417,2439,35.716201,-78.856604
"2003",37,183,53418,5350,35.737234,-78.83514
"2004",37,183,53419,2758,35.731132,-78.823386
"2005",37,183,53420,6018,35.682781,-78.828375
"2006",37,183,53421,4946,35.690893,-78.794869
"2007",37,183,53422,2456,35.777538,-78.830407
"2008",37,183,53423,2167,35.769012,-78.819444
"2009",37,183,53424,4528,35.769907,-78.838111
"2010",37,183,53425,2772,35.786845,-78.845223
"2011",37,183,53505,3610,35.757984,-78.760902
"2012",37,183,53506,5479,35.761405,-78.775461
"2013",37,183,53507,3603,35.779128,-78.790599
"2014",37,183,53509,4896,35.750932,-78.804987
"2015",37,183,53512,6392,35.821242,-78.785917
"2016",37,183,53513,3963,35.800871,-78.787752
"2017",37,183,53516,3490,35.768652,-78.747424
"2018",37,183,53517,4672,35.784379,-78.765268
"2019",37,183,53518,3653,35.762462,-78.805667
"2020",37,183,53519,4201,35.764165,-78.788936
"2021",37,183,53520,5230,35.801507,-78.774363
"2022",37,183,53521,3079,35.803777,-78.755933
"2023",37,183,53522,4825,35.81277,-78.810311
"2024",37,183,53523,5560,35.797769,-78.820761
"2025",37,183,53524,3217,35.787259,-78.801567
"2026",37,183,53525,2413,35.778064,-78.814247
"2027",37,183,53601,5351,35.836015,-78.901986
"2028",37,183,53602,5009,35.837649,-78.864665
"2029",37,183,53603,3728,35.812802,-78.862146
"2030",37,183,53604,4071,35.805764,-78.854743
"2031",37,183,53605,1829,35.802244,-78.843593
"2032",37,183,53606,2595,35.810741,-78.837733
"2033",37,183,53607,7322,35.82775,-78.839563
"2034",37,183,53608,2514,35.851353,-78.851302
"2035",37,183,53609,746,35.849513,-78.832965
"2036",37,183,53610,8620,35.908172,-78.797487
"2037",37,183,53707,6313,35.875477,-78.656241
"2038",37,183,53709,6938,35.864574,-78.725454
"2039",37,183,53711,5481,35.8912,-78.708671
"2040",37,183,53712,2661,35.896971,-78.692755
"2041",37,183,53713,3588,35.878743,-78.694766
"2042",37,183,53714,4664,35.873574,-78.684884
"2043",37,183,53715,3543,35.865027,-78.668844
"2044",37,183,53716,4137,35.862062,-78.648318
"2045",37,183,53717,2782,35.910879,-78.758111
"2046",37,183,53718,3255,35.913722,-78.745903
"2047",37,183,53719,3790,35.926484,-78.746073
"2048",37,183,53720,4376,35.940738,-78.721258
"2049",37,183,53721,3441,35.920205,-78.703395
"2050",37,183,53722,4961,35.892134,-78.671918
"2051",37,183,53723,2872,35.891897,-78.655987
"2052",37,183,53724,5875,35.887942,-78.73352
"2053",37,183,53725,5088,35.878667,-78.717449
"2054",37,183,53726,3175,35.865859,-78.705053
"2055",37,183,53803,3737,35.950171,-78.689602
"2056",37,183,53804,3318,35.978392,-78.675014
"2057",37,183,53805,2060,35.951694,-78.622526
"2058",37,183,53806,3414,35.940473,-78.638974
"2059",37,183,53807,4028,35.915109,-78.665737
"2060",37,183,53808,5449,35.914037,-78.625073
"2061",37,183,53900,7605,36.011838,-78.609983
"2062",37,183,54001,5518,35.861057,-78.627836
"2063",37,183,54004,5123,35.858381,-78.609839
"2064",37,183,54006,3467,35.873495,-78.633862
"2065",37,183,54007,3673,35.887024,-78.640297
"2066",37,183,54008,6256,35.849427,-78.572706
"2067",37,183,54011,2850,35.891905,-78.613192
"2068",37,183,54012,3517,35.876818,-78.61068
"2069",37,183,54013,12070,35.920255,-78.573993
"2070",37,183,54014,12342,35.887337,-78.551408
"2071",37,183,54015,2169,35.863215,-78.562208
"2072",37,183,54016,6083,35.897496,-78.58754
"2073",37,183,54017,2912,35.880716,-78.595767
"2074",37,183,54018,2553,35.862148,-78.591844
"2075",37,183,54104,10699,35.8439,-78.552
"2076",37,183,54105,11713,35.812969,-78.551494
"2077",37,183,54106,6953,35.781083,-78.551599
"2078",37,183,54108,6531,35.767188,-78.456357
"2079",37,183,54109,3186,35.73734,-78.478086
"2080",37,183,54110,8345,35.872642,-78.515063
"2081",37,183,54111,2021,35.851554,-78.476878
"2082",37,183,54112,2931,35.812173,-78.470977
"2083",37,183,54113,2285,35.814113,-78.521796
"2084",37,183,54114,4737,35.776184,-78.521232
"2085",37,183,54115,7742,35.785238,-78.496748
"2086",37,183,54203,3447,35.999102,-78.543735
"2087",37,183,54204,4331,35.994838,-78.510057
"2088",37,183,54205,4796,35.979843,-78.499375
"2089",37,183,54206,4917,35.968431,-78.525583
"2090",37,183,54207,8745,35.956289,-78.556482
"2091",37,183,54208,6134,35.943001,-78.531694
"2092",37,183,54209,8665,35.912191,-78.518096
"2093",37,183,54210,7891,35.912626,-78.465766
"2094",37,183,54211,8835,35.952573,-78.47537
"2095",37,183,54301,5648,35.871393,-78.34959
"2096",37,183,54302,6564,35.822137,-78.319172
"2097",37,183,54402,5408,35.770107,-78.383443
"2098",37,183,54403,3886,35.835815,-78.415248
"2099",37,183,54404,5660,35.79971,-78.374743
"2100",37,183,54500,7761,35.746916,-78.655519
"2101",37,183,980100,2,35.847507,-78.781319
"2102",37,183,980200,30,35.850852,-78.760506
"2103",37,185,950101,2210,36.513098,-77.99345
"2104",37,185,950102,1352,36.472284,-77.955509
"2105",37,185,950103,2597,36.320548,-78.003292
"2106",37,185,950200,6676,36.460187,-78.223731
"2107",37,185,950300,4414,36.400232,-78.159231
"2108",37,185,950400,3723,36.308559,-78.208146
"2109",37,187,950100,5069,35.900177,-76.540104
"2110",37,187,950200,6623,35.84708,-76.748464
"2111",37,187,950300,1536,35.819341,-76.581645
"2112",37,189,920100,4586,36.288099,-81.664726
"2113",37,189,920200,4044,36.295594,-81.802973
"2114",37,189,920300,2415,36.22937,-81.750715
"2115",37,189,920400,8428,36.227514,-81.689097
"2116",37,189,920500,6660,36.212734,-81.681892
"2117",37,189,920601,5280,36.205005,-81.663293
"2118",37,189,920602,1392,36.188761,-81.708515
"2119",37,189,920701,2158,36.241037,-81.56128
"2120",37,189,920702,2928,36.189708,-81.549279
"2121",37,189,920703,5742,36.201051,-81.627739
"2122",37,189,920800,2655,36.139506,-81.676428
"2123",37,189,920900,4404,36.186264,-81.796142
"2124",37,189,921000,387,36.211558,-81.882792
"2125",37,191,101,7215,35.513662,-78.04611
"2126",37,191,102,6586,35.459688,-78.010813
"2127",37,191,200,3282,35.545177,-77.910583
"2128",37,191,302,6162,35.387365,-77.87812
"2129",37,191,303,6326,35.441703,-77.888154
"2130",37,191,304,5198,35.471047,-77.941023
"2131",37,191,401,5253,35.311222,-77.870695
"2132",37,191,402,4448,35.326641,-77.92826
"2133",37,191,500,2325,35.359823,-77.955716
"2134",37,191,601,4916,35.301214,-78.017849
"2135",37,191,602,8980,35.229166,-77.953335
"2136",37,191,700,2599,35.192738,-78.062921
"2137",37,191,800,2521,35.196776,-78.081753
"2138",37,191,901,5024,35.334879,-78.070039
"2139",37,191,902,5665,35.27592,-78.058871
"2140",37,191,1000,4230,35.282845,-78.18928
"2141",37,191,1101,7820,35.41448,-78.089496
"2142",37,191,1102,3329,35.413898,-78.045319
"2143",37,191,1200,3641,35.407772,-77.974517
"2144",37,191,1301,6122,35.389177,-77.922871
"2145",37,191,1302,3334,35.376071,-77.945219
"2146",37,191,1400,6685,35.368318,-77.981282
"2147",37,191,1500,2587,35.36883,-77.995462
"2148",37,191,1800,2822,35.391187,-77.994414
"2149",37,191,1900,4460,35.387563,-77.968342
"2150",37,191,2000,1093,35.381208,-78.004978
"2151",37,193,960100,7044,36.265064,-80.930369
"2152",37,193,960200,3836,36.329115,-80.990027
"2153",37,193,960300,6358,36.230255,-81.084862
"2154",37,193,960400,7425,36.263565,-81.166734
"2155",37,193,960500,3286,36.194321,-81.148745
"2156",37,193,960600,2431,36.169154,-81.144796
"2157",37,193,960700,3525,36.167742,-81.188362
"2158",37,193,960801,4307,36.202016,-81.239555
"2159",37,193,960802,4453,36.162732,-81.243105
"2160",37,193,960900,5144,36.187727,-81.347749
"2161",37,193,961001,5140,36.08727,-81.24634
"2162",37,193,961002,5241,36.113677,-81.158417
"2163",37,193,961100,3979,36.151181,-81.129766
"2164",37,193,961200,7171,36.137896,-81.004767
"2165",37,195,100,3730,35.730683,-77.915388
"2166",37,195,200,1301,35.718749,-77.91725
"2167",37,195,300,2366,35.71447,-77.92585
"2168",37,195,400,8028,35.721089,-77.944565
"2169",37,195,501,3574,35.741835,-77.935802
"2170",37,195,502,5151,35.756805,-77.947383
"2171",37,195,600,7282,35.756205,-77.919997
"2172",37,195,700,5755,35.723392,-77.889062
"2173",37,195,801,1862,35.714296,-77.904903
"2174",37,195,802,3672,35.70071,-77.89843
"2175",37,195,900,3716,35.643975,-77.937232
"2176",37,195,1000,1753,35.619761,-77.838382
"2177",37,195,1100,1665,35.661255,-77.76791
"2178",37,195,1200,4021,35.731874,-77.80711
"2179",37,195,1300,5587,35.816199,-77.849656
"2180",37,195,1400,8885,35.777344,-77.954163
"2181",37,195,1500,5495,35.736776,-78.062138
"2182",37,195,1600,3108,35.643791,-78.091262
"2183",37,195,1700,4283,35.643054,-78.008499
"2184",37,197,50101,5600,36.192872,-80.498249
"2185",37,197,50102,4066,36.21194,-80.601841
"2186",37,197,50200,4528,36.219742,-80.714724
"2187",37,197,50300,5964,36.215039,-80.828806
"2188",37,197,50400,6729,36.109199,-80.780839
"2189",37,197,50501,7130,36.129032,-80.659805
"2190",37,197,50502,4389,36.092975,-80.583823
"2191",37,199,960101,3954,35.854529,-82.199675
"2192",37,199,960102,1917,35.937742,-82.201928
"2193",37,199,960200,4624,35.942239,-82.295379
"2194",37,199,960300,3019,35.880772,-82.305723
"2195",37,199,960400,4304,35.935112,-82.405162
