"TractFIPS","CountyName","POP","DIABETES","OBESITY"
37001020100,"Alamance",3908,481,1489
37001020200,"Alamance",4152,681,1840
37001020300,"Alamance",8063,1226,3290
37001020400,"Alamance",6059,1085,2842
37001020501,"Alamance",3575,347,1195
37001020502,"Alamance",3782,507,1600
37001020601,"Alamance",3234,324,938
37001020602,"Alamance",2414,242,720
37001020701,"Alamance",4519,511,1460
37001020702,"Alamance",4742,574,1859
37001020801,"Alamance",1450,172,507
37001020802,"Alamance",5857,938,2578
37001020901,"Alamance",3583,366,1262
37001020902,"Alamance",3380,362,1187
37001021000,"Alamance",3720,651,1708
37001021101,"Alamance",2668,339,1022
37001021102,"Alamance",3318,422,1228
37001021201,"Alamance",5252,767,2170
37001021204,"Alamance",4280,463,1528
37001021205,"Alamance",4636,432,1595
37001021206,"Alamance",4320,376,1508
37001021207,"Alamance",3086,343,1130
37001021300,"Alamance",6057,782,2326
37001021400,"Alamance",2650,289,917
37001021500,"Alamance",4681,497,1634
37001021600,"Alamance",6934,486,2032
37001021701,"Alamance",3237,298,874
37001021702,"Alamance",5282,444,1596
37001021703,"Alamance",4866,404,1504
37001021801,"Alamance",4441,445,1479
37001021802,"Alamance",3553,327,1237
37001021803,"Alamance",2879,303,1020
37001021901,"Alamance",4535,445,1538
37001021902,"Alamance",4423,403,1500
37001022001,"Alamance",3319,329,1132
37001022002,"Alamance",4276,492,1647
37003040100,"Alexander",3476,369,1182
37003040200,"Alexander",3994,488,1434
37003040300,"Alexander",3202,353,1096
37003040400,"Alexander",6552,865,2372
37003040500,"Alexander",6982,748,2437
37003040600,"Alexander",6347,578,2114
37003040700,"Alexander",6645,692,2153
37005950100,"Alleghany",4079,551,1428
37005950200,"Alleghany",3870,577,1405
37005950300,"Alleghany",3206,440,1107
37007920100,"Anson",3411,533,1406
37007920200,"Anson",1738,270,697
37007920300,"Anson",8178,900,3141
37007920400,"Anson",3032,580,1413
37007920500,"Anson",6138,903,2364
37007920600,"Anson",4451,673,1865
37009970200,"Ashe",2884,367,1030
37009970300,"Ashe",2470,351,907
37009970400,"Ashe",4525,530,1530
37009970500,"Ashe",6528,810,2253
37009970700,"Ashe",5926,558,1855
37009970800,"Ashe",4948,579,1688
37011930100,"Avery",3100,317,1005
37011930200,"Avery",2723,316,842
37011930301,"Avery",3515,440,1210
37011930302,"Avery",3130,382,1096
37011930400,"Avery",5329,517,1839
37013930100,"Beaufort",5351,782,2018
37013930200,"Beaufort",6185,743,2283
37013930300,"Beaufort",4071,697,1780
37013930400,"Beaufort",5189,836,2003
37013930501,"Beaufort",4845,655,1813
37013930502,"Beaufort",3469,396,1215
37013930600,"Beaufort",3224,307,990
37013930700,"Beaufort",3023,387,1022
37013930800,"Beaufort",2447,416,1011
37013930900,"Beaufort",3904,574,1383
37013931000,"Beaufort",6051,739,2282
37015960100,"Bertie",5677,852,2254
37015960200,"Bertie",3953,676,1744
37015960300,"Bertie",3667,723,1709
37015960400,"Bertie",7985,1310,3394
37017950100,"Bladen",5693,843,2278
37017950200,"Bladen",3366,485,1384
37017950300,"Bladen",6719,961,2722
37017950400,"Bladen",6252,970,2545
37017950500,"Bladen",6707,792,2442
37017950600,"Bladen",6453,1130,2827
37019020101,"Brunswick",2706,374,1099
37019020102,"Brunswick",2839,219,906
37019020103,"Brunswick",7052,741,2208
37019020104,"Brunswick",5305,658,1969
37019020201,"Brunswick",3300,248,1037
37019020202,"Brunswick",5719,544,1710
37019020203,"Brunswick",2517,277,866
37019020204,"Brunswick",5391,577,1726
37019020303,"Brunswick",2712,339,849
37019020304,"Brunswick",4846,592,1367
37019020305,"Brunswick",2774,320,855
37019020306,"Brunswick",2352,278,685
37019020307,"Brunswick",158,21,44
37019020308,"Brunswick",1648,177,478
37019020309,"Brunswick",2734,274,796
37019020310,"Brunswick",2149,245,626
37019020402,"Brunswick",2359,281,715
37019020403,"Brunswick",4571,622,1619
37019020404,"Brunswick",3092,359,1018
37019020405,"Brunswick",2949,375,935
37019020504,"Brunswick",1443,195,428
37019020505,"Brunswick",4185,574,1591
37019020506,"Brunswick",4175,506,1357
37019020507,"Brunswick",6043,792,1753
37019020508,"Brunswick",2252,293,663
37019020509,"Brunswick",4402,568,1321
37019020510,"Brunswick",2160,275,685
37019020511,"Brunswick",2502,296,771
37019020512,"Brunswick",655,76,184
37019020601,"Brunswick",4785,556,1623
37019020602,"Brunswick",5147,587,1802
37019020603,"Brunswick",2509,329,946
37021000100,"Buncombe",1398,175,484
37021000200,"Buncombe",1797,144,585
37021000300,"Buncombe",2159,167,646
37021000400,"Buncombe",3775,208,963
37021000500,"Buncombe",3615,272,908
37021000600,"Buncombe",2127,162,636
37021000700,"Buncombe",1139,124,383
37021000800,"Buncombe",3530,301,978
37021000900,"Buncombe",3291,576,1389
37021001000,"Buncombe",3977,287,1221
37021001100,"Buncombe",4398,313,1197
37021001200,"Buncombe",4592,313,1231
37021001300,"Buncombe",3955,392,1314
37021001400,"Buncombe",7191,734,2409
37021001500,"Buncombe",2158,201,667
37021001600,"Buncombe",6019,566,1674
37021001700,"Buncombe",2423,255,662
37021001801,"Buncombe",3187,332,925
37021001802,"Buncombe",4458,411,1218
37021001900,"Buncombe",3054,343,923
37021002000,"Buncombe",6032,628,1991
37021002101,"Buncombe",1375,123,336
37021002102,"Buncombe",5084,590,1749
37021002203,"Buncombe",4739,460,1564
37021002204,"Buncombe",7926,595,1966
37021002205,"Buncombe",6412,565,1841
37021002206,"Buncombe",4734,445,1198
37021002301,"Buncombe",5301,419,1421
37021002302,"Buncombe",7558,650,2132
37021002401,"Buncombe",3480,390,1187
37021002402,"Buncombe",4666,425,1424
37021002503,"Buncombe",3954,392,1230
37021002504,"Buncombe",4536,445,1443
37021002505,"Buncombe",4658,415,1281
37021002506,"Buncombe",3741,461,1362
37021002603,"Buncombe",3497,455,1252
37021002604,"Buncombe",5889,560,1785
37021002605,"Buncombe",5531,498,1704
37021002606,"Buncombe",3805,389,1203
37021002607,"Buncombe",4155,416,1309
37021002701,"Buncombe",3491,308,1027
37021002702,"Buncombe",4079,392,1126
37021002703,"Buncombe",5477,543,1583
37021002803,"Buncombe",4044,441,1371
37021002804,"Buncombe",4998,440,1480
37021002900,"Buncombe",3551,377,1137
37021003001,"Buncombe",8609,810,2471
37021003002,"Buncombe",7200,713,2211
37021003102,"Buncombe",5663,527,1597
37021003103,"Buncombe",1879,155,515
37021003104,"Buncombe",5899,614,1676
37021003201,"Buncombe",1733,155,482
37021003202,"Buncombe",4407,406,1287
37021003203,"Buncombe",5016,487,1535
37021003204,"Buncombe",5431,527,1657
37021003205,"Buncombe",1525,176,492
37023020100,"Burke",4320,584,1586
37023020201,"Burke",5953,739,2030
37023020202,"Burke",4287,494,1394
37023020301,"Burke",4898,578,1641
37023020302,"Burke",7603,799,2464
37023020500,"Burke",2900,319,940
37023020600,"Burke",5890,860,2121
37023020801,"Burke",5557,606,1740
37023020802,"Burke",3268,425,1076
37023020900,"Burke",6929,735,2107
37023021000,"Burke",5735,631,1876
37023021100,"Burke",6431,669,2039
37023021201,"Burke",3834,464,1293
37023021202,"Burke",4367,481,1442
37023021203,"Burke",4409,499,1539
37023021301,"Burke",5977,628,2015
37023021302,"Burke",3530,392,1187
37023021400,"Burke",5024,684,1804
37025040500,"Cabarrus",11911,1037,3872
37025040600,"Cabarrus",6110,618,1901
37025040701,"Cabarrus",1654,199,561
37025040702,"Cabarrus",6495,780,2365
37025040703,"Cabarrus",2749,399,987
37025040800,"Cabarrus",3944,493,1393
37025040900,"Cabarrus",1845,205,606
37025041000,"Cabarrus",6010,746,2128
37025041100,"Cabarrus",6841,596,2108
37025041200,"Cabarrus",5779,550,1734
37025041301,"Cabarrus",3738,303,1092
37025041302,"Cabarrus",7567,447,2104
37025041303,"Cabarrus",6994,399,1889
37025041501,"Cabarrus",9568,709,2785
37025041502,"Cabarrus",6062,498,1801
37025041503,"Cabarrus",2986,221,884
37025041601,"Cabarrus",6950,619,2058
37025041602,"Cabarrus",3172,299,977
37025041701,"Cabarrus",4289,395,1313
37025041702,"Cabarrus",3270,334,1014
37025041901,"Cabarrus",2052,314,795
37025041902,"Cabarrus",4057,540,1583
37025042000,"Cabarrus",4663,537,1605
37025042101,"Cabarrus",3264,644,1463
37025042102,"Cabarrus",3477,352,1228
37025042200,"Cabarrus",6263,558,1829
37025042300,"Cabarrus",4839,586,1631
37025042401,"Cabarrus",3349,362,978
37025042402,"Cabarrus",4945,436,1642
37025042501,"Cabarrus",4365,345,1236
37025042502,"Cabarrus",2379,234,740
37025042503,"Cabarrus",3714,350,1152
37025042504,"Cabarrus",1575,109,423
37025042601,"Cabarrus",5282,439,1474
37025042602,"Cabarrus",3796,300,1219
37025042603,"Cabarrus",7031,570,2145
37025042604,"Cabarrus",5026,418,1478
37027030100,"Caldwell",5479,850,2214
37027030200,"Caldwell",5634,795,2181
37027030300,"Caldwell",4204,602,1657
37027030400,"Caldwell",4636,571,1697
37027030500,"Caldwell",4666,523,1452
37027030600,"Caldwell",4303,465,1459
37027030700,"Caldwell",7056,763,2414
37027030800,"Caldwell",8169,834,2819
37027030900,"Caldwell",4971,617,1795
37027031000,"Caldwell",3042,353,1035
37027031100,"Caldwell",4318,497,1482
37027031201,"Caldwell",4672,542,1622
37027031202,"Caldwell",4587,519,1652
37027031300,"Caldwell",8094,769,2663
37027031401,"Caldwell",3193,317,1057
37027031402,"Caldwell",3580,333,1143
37027031403,"Caldwell",2425,311,917
37029950101,"Camden",5324,560,1784
37029950102,"Camden",4656,499,1490
37031970101,"Carteret",1216,178,397
37031970102,"Carteret",2608,295,853
37031970103,"Carteret",3046,360,1067
37031970200,"Carteret",1207,165,413
37031970301,"Carteret",4623,532,1591
37031970302,"Carteret",1092,149,396
37031970303,"Carteret",688,77,223
37031970304,"Carteret",2241,305,810
37031970401,"Carteret",1520,195,525
37031970402,"Carteret",1582,208,600
37031970403,"Carteret",1191,122,339
37031970501,"Carteret",2436,283,877
37031970502,"Carteret",1935,182,577
37031970503,"Carteret",2218,231,721
37031970504,"Carteret",1771,153,580
37031970601,"Carteret",1306,119,416
37031970602,"Carteret",1025,108,315
37031970603,"Carteret",1640,189,606
37031970604,"Carteret",2095,218,587
37031970605,"Carteret",1247,130,356
37031970701,"Carteret",1409,150,505
37031970702,"Carteret",3529,300,1162
37031970703,"Carteret",5452,508,1745
37031970704,"Carteret",2379,255,795
37031970801,"Carteret",2363,249,787
37031970802,"Carteret",1626,160,492
37031970803,"Carteret",1471,161,436
37031970804,"Carteret",3052,284,953
37031970805,"Carteret",1634,157,548
37031970901,"Carteret",1156,110,326
37031970902,"Carteret",1282,118,375
37031970903,"Carteret",1217,128,357
37031971001,"Carteret",356,38,106
37031971002,"Carteret",1339,161,377
37031971101,"Carteret",962,97,298
37031971102,"Carteret",555,53,173
37033930100,"Caswell",2436,383,980
37033930200,"Caswell",5838,870,2353
37033930300,"Caswell",4165,579,1558
37033930400,"Caswell",2643,336,973
37033930500,"Caswell",3847,474,1401
37033930600,"Caswell",4790,604,1711
37035010101,"Catawba",6112,575,1791
37035010102,"Catawba",4057,431,1169
37035010201,"Catawba",4815,439,1421
37035010202,"Catawba",8365,862,2619
37035010301,"Catawba",4821,468,1466
37035010302,"Catawba",5467,476,1493
37035010303,"Catawba",4027,484,1289
37035010304,"Catawba",4344,465,1430
37035010401,"Catawba",6593,739,2025
37035010402,"Catawba",4948,490,1529
37035010501,"Catawba",3753,335,1029
37035010502,"Catawba",3226,297,872
37035010600,"Catawba",6421,700,1946
37035010700,"Catawba",2426,301,818
37035010900,"Catawba",3762,685,1592
37035011000,"Catawba",2644,431,1008
37035011101,"Catawba",3497,382,1043
37035011102,"Catawba",6873,592,2021
37035011200,"Catawba",5983,587,1795
37035011300,"Catawba",7187,928,2523
37035011401,"Catawba",3525,374,1118
37035011402,"Catawba",4030,496,1254
37035011501,"Catawba",4821,483,1447
37035011503,"Catawba",3715,331,1059
37035011504,"Catawba",5616,506,1590
37035011601,"Catawba",4487,485,1450
37035011602,"Catawba",5546,583,1753
37035011701,"Catawba",4280,433,1246
37035011702,"Catawba",6847,665,2041
37035011801,"Catawba",6218,541,1810
37035011802,"Catawba",5952,667,1911
37037020103,"Chatham",4335,425,1258
37037020104,"Chatham",4667,486,1172
37037020105,"Chatham",2920,202,824
37037020106,"Chatham",3861,348,1205
37037020200,"Chatham",7666,729,2354
37037020300,"Chatham",2929,349,1002
37037020401,"Chatham",5775,855,2235
37037020402,"Chatham",4693,629,1845
37037020500,"Chatham",3751,458,1280
37037020600,"Chatham",5351,696,1927
37037020701,"Chatham",4910,511,1257
37037020702,"Chatham",3887,397,1237
37037020800,"Chatham",8760,868,2716
37039930100,"Cherokee",4571,695,1619
37039930200,"Cherokee",2410,348,846
37039930300,"Cherokee",2439,300,798
37039930400,"Cherokee",6120,827,2094
37039930500,"Cherokee",4693,559,1469
37039930601,"Cherokee",3280,440,1093
37039930602,"Cherokee",3931,551,1329
37041930101,"Chowan",5424,944,2246
37041930102,"Chowan",2335,302,834
37041930200,"Chowan",7034,866,2554
37043950100,"Clay",5062,613,1605
37043950200,"Clay",5525,702,1829
37045950101,"Cleveland",5300,711,2020
37045950102,"Cleveland",2786,352,1045
37045950200,"Cleveland",4878,693,1913
37045950301,"Cleveland",4515,601,1784
37045950302,"Cleveland",5820,664,2090
37045950400,"Cleveland",6877,929,2559
37045950500,"Cleveland",3606,462,1353
37045950601,"Cleveland",3918,412,1395
37045950602,"Cleveland",6014,770,2358
37045950700,"Cleveland",6976,977,2644
37045950800,"Cleveland",4380,579,1674
37045950900,"Cleveland",2952,623,1417
37045951000,"Cleveland",3573,511,1380
37045951100,"Cleveland",2842,492,1220
37045951200,"Cleveland",5253,699,1976
37045951300,"Cleveland",2914,312,1017
37045951400,"Cleveland",6726,761,2408
37045951501,"Cleveland",5775,439,1773
37045951502,"Cleveland",1298,132,442
37045951503,"Cleveland",2463,254,858
37045951601,"Cleveland",4391,563,1744
37045951602,"Cleveland",4821,593,1847
37047930100,"Columbus",4198,597,1776
37047930200,"Columbus",2175,342,951
37047930300,"Columbus",2620,370,1041
37047930400,"Columbus",4062,618,1759
37047930500,"Columbus",4536,731,2033
37047930600,"Columbus",3878,582,1668
37047930700,"Columbus",4815,862,2230
37047930800,"Columbus",4170,505,1548
37047930900,"Columbus",4749,808,2223
37047931000,"Columbus",5687,774,2508
37047931100,"Columbus",3752,473,1531
37047931200,"Columbus",7803,991,3371
37047931300,"Columbus",5653,769,2380
37049960101,"Craven",3924,495,1119
37049960102,"Craven",4790,508,1596
37049960200,"Craven",8637,1236,3438
37049960300,"Craven",6858,1002,2572
37049960401,"Craven",4317,493,1291
37049960402,"Craven",3842,535,1311
37049960403,"Craven",4158,383,1102
37049960404,"Craven",3165,412,934
37049960500,"Craven",7977,974,2856
37049960600,"Craven",4980,767,1773
37049960700,"Craven",1850,193,581
37049960800,"Craven",3321,651,1522
37049960900,"Craven",2255,318,848
37049961001,"Craven",9336,841,2764
37049961002,"Craven",4170,443,1322
37049961100,"Craven",8979,773,2775
37049961201,"Craven",4095,78,1032
37049961202,"Craven",3748,60,791
37049961301,"Craven",3640,343,1158
37049961302,"Craven",5673,483,1912
37049961303,"Craven",3790,497,1388
37051000200,"Cumberland",1633,365,810
37051000500,"Cumberland",2194,358,924
37051000600,"Cumberland",5526,675,1868
37051000701,"Cumberland",5685,603,1689
37051000702,"Cumberland",2330,247,716
37051000800,"Cumberland",2654,295,908
37051000900,"Cumberland",4733,526,1667
37051001000,"Cumberland",2605,482,1141
37051001100,"Cumberland",4251,706,1675
37051001200,"Cumberland",5617,1045,2528
37051001400,"Cumberland",6146,1015,2576
37051001500,"Cumberland",2863,356,1068
37051001601,"Cumberland",7128,671,2517
37051001603,"Cumberland",4344,535,1729
37051001604,"Cumberland",7356,699,2663
37051001700,"Cumberland",8716,985,3374
37051001800,"Cumberland",2237,300,821
37051001901,"Cumberland",2204,261,834
37051001902,"Cumberland",4774,616,1815
37051001903,"Cumberland",4326,572,1683
37051002001,"Cumberland",2734,225,870
37051002002,"Cumberland",5022,553,1844
37051002100,"Cumberland",4258,418,1423
37051002200,"Cumberland",1786,201,704
37051002300,"Cumberland",4846,732,2055
37051002401,"Cumberland",2005,363,961
37051002402,"Cumberland",3379,403,1366
37051002501,"Cumberland",7267,916,2762
37051002502,"Cumberland",7080,574,2273
37051002503,"Cumberland",5262,485,1790
37051002504,"Cumberland",6127,668,2206
37051002600,"Cumberland",4218,540,1477
37051002700,"Cumberland",8114,909,2889
37051002800,"Cumberland",6253,663,2170
37051002900,"Cumberland",4559,589,1710
37051003001,"Cumberland",10808,1049,3762
37051003002,"Cumberland",2751,358,1057
37051003102,"Cumberland",4019,386,1371
37051003103,"Cumberland",5325,512,1912
37051003104,"Cumberland",6524,692,2440
37051003201,"Cumberland",11431,938,3738
37051003203,"Cumberland",5884,636,2236
37051003204,"Cumberland",8569,926,3282
37051003205,"Cumberland",5316,580,1930
37051003302,"Cumberland",4985,688,1999
37051003304,"Cumberland",7404,859,2614
37051003305,"Cumberland",6350,820,2452
37051003307,"Cumberland",4467,474,1680
37051003309,"Cumberland",6134,559,2025
37051003310,"Cumberland",5500,528,2140
37051003311,"Cumberland",2752,155,922
37051003312,"Cumberland",6980,678,2562
37051003313,"Cumberland",5335,481,2022
37051003314,"Cumberland",7126,713,2744
37051003401,"Cumberland",3936,134,1280
37051003402,"Cumberland",1947,34,472
37051003403,"Cumberland",3618,116,1209
37051003404,"Cumberland",1093,18,260
37051003405,"Cumberland",1975,56,619
37051003406,"Cumberland",1523,46,390
37051003407,"Cumberland",2316,40,577
37051003408,"Cumberland",4725,166,1484
37051003500,"Cumberland",4621,532,1738
37051003600,"Cumberland",4981,623,1948
37051003700,"Cumberland",7322,762,2534
37051003800,"Cumberland",2977,575,1406
37051980200,"Cumberland",505,10,134
37053110101,"Currituck",542,52,162
37053110102,"Currituck",1545,158,537
37053110200,"Currituck",6922,568,2250
37053110301,"Currituck",4243,387,1392
37053110302,"Currituck",2922,296,991
37053110401,"Currituck",3425,367,1165
37053110402,"Currituck",3948,447,1410
37055970101,"Dare",3675,357,963
37055970102,"Dare",3220,281,925
37055970200,"Dare",4636,367,1396
37055970300,"Dare",6278,528,1878
37055970400,"Dare",2789,246,795
37055970501,"Dare",1246,133,390
37055970502,"Dare",4322,472,1379
37055970601,"Dare",5995,636,1931
37055970602,"Dare",1759,157,519
37057060101,"Davidson",5633,412,1769
37057060102,"Davidson",7213,614,2208
37057060201,"Davidson",4909,531,1645
37057060202,"Davidson",2424,279,871
37057060203,"Davidson",5528,515,1764
37057060301,"Davidson",4534,427,1460
37057060302,"Davidson",3620,312,1141
37057060303,"Davidson",4372,403,1404
37057060304,"Davidson",3445,331,1168
37057060400,"Davidson",5533,554,1815
37057060500,"Davidson",5499,633,1898
37057060601,"Davidson",4342,370,1459
37057060602,"Davidson",2563,244,805
37057060700,"Davidson",4915,644,1903
37057060800,"Davidson",4538,718,1852
37057060900,"Davidson",5471,580,1954
37057061000,"Davidson",5158,609,1868
37057061100,"Davidson",6744,763,2273
37057061201,"Davidson",5844,813,2104
37057061202,"Davidson",2857,315,960
37057061300,"Davidson",2176,257,769
37057061400,"Davidson",3398,541,1499
37057061500,"Davidson",6214,1032,2542
37057061600,"Davidson",2926,396,1156
37057061701,"Davidson",4857,467,1560
37057061702,"Davidson",6730,788,2430
37057061703,"Davidson",4349,453,1549
37057061802,"Davidson",6740,641,2191
37057061803,"Davidson",3503,368,1192
37057061804,"Davidson",6536,726,2268
37057061901,"Davidson",6301,631,2099
37057061902,"Davidson",5308,611,1821
37057062001,"Davidson",4677,487,1553
37057062002,"Davidson",4021,499,1404
37059080100,"Davie",7745,829,2642
37059080200,"Davie",5207,506,1646
37059080300,"Davie",8657,935,2606
37059080400,"Davie",5151,469,1602
37059080500,"Davie",4428,470,1519
37059080600,"Davie",3659,436,1193
37059080700,"Davie",6393,761,2296
37061090100,"Duplin",10062,1288,4076
37061090200,"Duplin",4341,669,1811
37061090300,"Duplin",5783,1070,2609
37061090400,"Duplin",5962,871,2463
37061090501,"Duplin",5518,596,1943
37061090502,"Duplin",4608,595,1728
37061090600,"Duplin",3541,496,1374
37061090701,"Duplin",3933,535,1515
37061090702,"Duplin",6346,1067,2621
37061090801,"Duplin",3220,519,1398
37061090802,"Duplin",5191,769,2103
37063000101,"Durham",3152,382,1290
37063000102,"Durham",4535,522,1760
37063000200,"Durham",2946,295,1138
37063000301,"Durham",2504,238,942
37063000302,"Durham",3426,216,1069
37063000401,"Durham",2523,167,745
37063000402,"Durham",1963,99,584
37063000500,"Durham",4093,430,1535
37063000600,"Durham",5177,513,1895
37063000700,"Durham",2830,272,951
37063000900,"Durham",1668,287,798
37063001001,"Durham",3466,600,1675
37063001002,"Durham",5974,1124,3071
37063001100,"Durham",3225,578,1581
37063001301,"Durham",1128,218,557
37063001303,"Durham",3676,317,1361
37063001304,"Durham",2557,540,1279
37063001400,"Durham",2609,520,1342
37063001501,"Durham",3070,71,743
37063001502,"Durham",5986,509,2108
37063001503,"Durham",1941,32,410
37063001601,"Durham",5806,657,2050
37063001603,"Durham",6271,577,2051
37063001604,"Durham",6645,605,2087
37063001705,"Durham",4519,493,1555
37063001706,"Durham",4179,272,1300
37063001707,"Durham",6485,591,1849
37063001708,"Durham",3989,531,1648
37063001709,"Durham",6109,941,2756
37063001710,"Durham",4705,518,1887
37063001711,"Durham",4503,428,1838
37063001801,"Durham",7123,884,2964
37063001802,"Durham",6736,984,3092
37063001806,"Durham",5672,596,2252
37063001807,"Durham",9416,1017,3852
37063001808,"Durham",5046,389,1666
37063001809,"Durham",5148,397,1854
37063001900,"Durham",2847,214,886
37063002007,"Durham",4854,413,1491
37063002008,"Durham",2907,221,809
37063002009,"Durham",4685,895,2179
37063002013,"Durham",4481,363,1466
37063002015,"Durham",5127,503,1841
37063002016,"Durham",5384,404,2009
37063002017,"Durham",6654,526,1870
37063002018,"Durham",7483,547,2088
37063002019,"Durham",4408,247,1164
37063002020,"Durham",5894,390,1775
37063002021,"Durham",4432,275,1330
37063002022,"Durham",4307,276,1340
37063002023,"Durham",2808,205,879
37063002024,"Durham",5848,351,1726
37063002025,"Durham",5938,481,2043
37063002026,"Durham",5813,657,2337
37063002027,"Durham",7272,546,2524
37063002028,"Durham",6001,301,1843
37063002100,"Durham",6362,649,2144
37063002200,"Durham",1946,123,633
37063002300,"Durham",1331,160,569
37065020200,"Edgecombe",6059,1327,2848
37065020300,"Edgecombe",5370,903,2358
37065020400,"Edgecombe",4958,997,2246
37065020600,"Edgecombe",3525,494,1435
37065020700,"Edgecombe",2201,366,896
37065020800,"Edgecombe",3716,591,1502
37065020900,"Edgecombe",2939,606,1370
37065021000,"Edgecombe",3409,614,1385
37065021100,"Edgecombe",3957,543,1476
37065021200,"Edgecombe",5207,834,1984
37065021300,"Edgecombe",4860,627,1774
37065021400,"Edgecombe",4141,526,1545
37065021500,"Edgecombe",3313,494,1266
37065021600,"Edgecombe",2897,371,1032
37067000100,"Forsyth",2052,156,663
37067000200,"Forsyth",1103,175,471
37067000301,"Forsyth",1799,402,893
37067000302,"Forsyth",1859,382,850
37067000400,"Forsyth",3251,631,1532
37067000500,"Forsyth",2391,498,1170
37067000600,"Forsyth",2056,484,1012
37067000700,"Forsyth",1764,362,800
37067000801,"Forsyth",3062,175,1179
37067000802,"Forsyth",2100,265,857
37067000900,"Forsyth",3508,397,1204
37067001000,"Forsyth",4652,377,1526
37067001100,"Forsyth",2254,210,729
37067001200,"Forsyth",1959,185,484
37067001300,"Forsyth",4535,200,998
37067001400,"Forsyth",3710,590,1618
37067001500,"Forsyth",4095,602,1733
37067001601,"Forsyth",3652,658,1520
37067001602,"Forsyth",3077,588,1419
37067001700,"Forsyth",5231,764,2140
37067001800,"Forsyth",4207,762,1839
37067001901,"Forsyth",1549,265,698
37067001902,"Forsyth",1917,221,693
37067002001,"Forsyth",2367,415,1042
37067002002,"Forsyth",3072,437,1196
37067002100,"Forsyth",2151,196,614
37067002200,"Forsyth",3742,259,1000
37067002501,"Forsyth",2590,190,643
37067002502,"Forsyth",2770,236,707
37067002601,"Forsyth",2481,224,643
37067002603,"Forsyth",6553,564,1855
37067002604,"Forsyth",6441,580,1984
37067002701,"Forsyth",5864,687,2229
37067002702,"Forsyth",5675,812,2163
37067002703,"Forsyth",6039,550,1945
37067002801,"Forsyth",4236,403,1292
37067002804,"Forsyth",4150,474,1445
37067002806,"Forsyth",3274,498,1277
37067002807,"Forsyth",5031,549,1681
37067002808,"Forsyth",3531,325,1085
37067002809,"Forsyth",2238,218,670
37067002901,"Forsyth",4784,622,1756
37067002903,"Forsyth",3828,517,1379
37067002904,"Forsyth",2151,246,717
37067003002,"Forsyth",3932,547,1436
37067003003,"Forsyth",3272,324,1070
37067003004,"Forsyth",3618,351,1097
37067003103,"Forsyth",5468,427,1603
37067003105,"Forsyth",3649,376,1223
37067003106,"Forsyth",3099,289,967
37067003107,"Forsyth",4391,426,1388
37067003108,"Forsyth",3495,451,1287
37067003201,"Forsyth",4774,516,1547
37067003202,"Forsyth",3904,407,1289
37067003307,"Forsyth",3405,293,1025
37067003308,"Forsyth",7880,615,2357
37067003309,"Forsyth",4956,600,1904
37067003310,"Forsyth",4061,370,1397
37067003311,"Forsyth",1926,149,592
37067003312,"Forsyth",2692,229,813
37067003313,"Forsyth",1458,177,493
37067003314,"Forsyth",3171,257,942
37067003315,"Forsyth",3424,336,1076
37067003402,"Forsyth",2182,225,686
37067003403,"Forsyth",3412,366,1355
37067003404,"Forsyth",3917,682,1822
37067003500,"Forsyth",6562,919,2697
37067003600,"Forsyth",5968,567,1964
37067003701,"Forsyth",4830,474,1812
37067003702,"Forsyth",4514,425,1495
37067003703,"Forsyth",6032,447,1889
37067003803,"Forsyth",4567,430,1412
37067003804,"Forsyth",4100,390,1185
37067003805,"Forsyth",5573,558,1823
37067003806,"Forsyth",3012,275,931
37067003903,"Forsyth",4477,475,1635
37067003904,"Forsyth",5907,509,1684
37067003905,"Forsyth",3607,303,1014
37067003906,"Forsyth",3436,303,884
37067003908,"Forsyth",3085,253,812
37067003909,"Forsyth",4356,340,1177
37067004005,"Forsyth",4695,409,1278
37067004007,"Forsyth",7104,583,1975
37067004009,"Forsyth",3802,320,1103
37067004010,"Forsyth",3392,224,889
37067004011,"Forsyth",5645,475,1666
37067004012,"Forsyth",5611,472,1673
37067004013,"Forsyth",3083,287,925
37067004014,"Forsyth",3016,290,875
37067004015,"Forsyth",3296,261,963
37067004102,"Forsyth",3256,365,1042
37067004103,"Forsyth",3478,320,1054
37067004104,"Forsyth",3429,319,1009
37069060100,"Franklin",4663,719,1870
37069060200,"Franklin",3711,472,1318
37069060301,"Franklin",5975,717,1990
37069060302,"Franklin",2563,505,1141
37069060401,"Franklin",2441,306,921
37069060402,"Franklin",4944,841,2097
37069060501,"Franklin",5955,483,1906
37069060502,"Franklin",7918,697,2606
37069060600,"Franklin",8582,850,2953
37069060700,"Franklin",4709,627,1771
37069060801,"Franklin",4204,497,1611
37069060802,"Franklin",4954,506,1690
37071030101,"Gaston",3383,288,968
37071030102,"Gaston",3315,322,1025
37071030203,"Gaston",2345,226,711
37071030204,"Gaston",3000,261,885
37071030205,"Gaston",3852,393,1245
37071030301,"Gaston",2587,272,810
37071030302,"Gaston",2665,291,864
37071030401,"Gaston",4126,409,1267
37071030402,"Gaston",4368,398,1359
37071030501,"Gaston",2569,268,835
37071030502,"Gaston",3784,375,1166
37071030601,"Gaston",2710,290,857
37071030602,"Gaston",2507,286,768
37071030700,"Gaston",2955,364,970
37071030801,"Gaston",1476,192,510
37071030802,"Gaston",4215,494,1472
37071030901,"Gaston",2273,235,710
37071030902,"Gaston",2927,346,1022
37071031001,"Gaston",2865,344,960
37071031003,"Gaston",3803,343,1100
37071031004,"Gaston",2561,234,753
37071031101,"Gaston",2767,310,914
37071031102,"Gaston",2201,199,685
37071031201,"Gaston",3080,253,909
37071031202,"Gaston",2404,169,666
37071031301,"Gaston",3383,295,1049
37071031302,"Gaston",4535,508,1547
37071031401,"Gaston",2986,308,1004
37071031402,"Gaston",2356,276,729
37071031500,"Gaston",3381,558,1373
37071031600,"Gaston",3489,416,1208
37071031701,"Gaston",3670,404,1197
37071031703,"Gaston",2709,298,900
37071031704,"Gaston",3690,373,1196
37071031800,"Gaston",3532,587,1459
37071031900,"Gaston",2973,553,1282
37071032000,"Gaston",2655,423,1086
37071032100,"Gaston",2923,407,1015
37071032200,"Gaston",3906,340,1145
37071032301,"Gaston",2308,254,711
37071032302,"Gaston",2626,313,862
37071032401,"Gaston",4577,367,1264
37071032402,"Gaston",4288,365,1205
37071032502,"Gaston",3153,253,880
37071032505,"Gaston",3299,314,1033
37071032506,"Gaston",3375,328,1155
37071032507,"Gaston",3405,304,1005
37071032508,"Gaston",2745,242,791
37071032600,"Gaston",3825,352,1033
37071032702,"Gaston",1798,170,500
37071032703,"Gaston",1940,243,664
37071032704,"Gaston",4488,561,1446
37071032800,"Gaston",6203,782,2147
37071032900,"Gaston",3472,421,1212
37071033100,"Gaston",2538,338,922
37071033202,"Gaston",2062,207,638
37071033203,"Gaston",2438,320,888
37071033204,"Gaston",3791,512,1411
37071033303,"Gaston",3196,266,860
37071033304,"Gaston",4597,410,1315
37071033305,"Gaston",3942,387,1262
37071033306,"Gaston",1572,153,485
37071033307,"Gaston",1922,210,614
37071033400,"Gaston",2869,356,1013
37071033500,"Gaston",4731,507,1514
37073970100,"Gates",4684,600,1790
37073970200,"Gates",4174,531,1658
37073970300,"Gates",3339,438,1336
37075920100,"Graham",2197,284,745
37075920200,"Graham",2869,319,927
37075920300,"Graham",3795,520,1355
37077970101,"Granville",5273,691,1909
37077970102,"Granville",3606,480,1277
37077970200,"Granville",4270,624,1563
37077970300,"Granville",3646,511,1393
37077970400,"Granville",4040,683,1576
37077970500,"Granville",3839,492,1398
37077970601,"Granville",5380,512,1781
37077970602,"Granville",7583,653,2435
37077970603,"Granville",6260,576,2016
37077970701,"Granville",4749,447,1520
37077970702,"Granville",2516,448,1065
37077970703,"Granville",4067,403,1395
37077970704,"Granville",4687,516,1810
37079950101,"Greene",4018,551,1539
37079950102,"Greene",5260,621,2094
37079950200,"Greene",4704,612,1779
37079950300,"Greene",7380,1144,2923
37081010100,"Guilford",1561,253,728
37081010200,"Guilford",4070,591,1665
37081010300,"Guilford",2426,355,915
37081010401,"Guilford",1453,105,425
37081010403,"Guilford",1594,118,512
37081010404,"Guilford",2502,186,669
37081010500,"Guilford",2173,161,646
37081010601,"Guilford",2780,192,834
37081010602,"Guilford",4592,216,1341
37081010701,"Guilford",1919,108,544
37081010702,"Guilford",4307,112,1146
37081010800,"Guilford",2409,241,851
37081010900,"Guilford",2001,153,657
37081011000,"Guilford",4768,306,1898
37081011101,"Guilford",4260,712,2007
37081011102,"Guilford",2602,581,1262
37081011200,"Guilford",5391,777,2448
37081011300,"Guilford",2862,659,1440
37081011400,"Guilford",5291,1038,2757
37081011500,"Guilford",2964,389,1287
37081011601,"Guilford",2453,268,930
37081011602,"Guilford",2981,346,1181
37081011904,"Guilford",4265,359,1677
37081011905,"Guilford",5077,600,2082
37081012503,"Guilford",4176,385,1316
37081012504,"Guilford",3246,338,1218
37081012505,"Guilford",4353,344,1180
37081012508,"Guilford",3289,297,1037
37081012509,"Guilford",2223,218,614
37081012510,"Guilford",3090,260,878
37081012511,"Guilford",4961,432,1355
37081012601,"Guilford",5912,450,1993
37081012604,"Guilford",4908,727,1978
37081012607,"Guilford",2301,233,820
37081012608,"Guilford",2392,268,1022
37081012609,"Guilford",7342,882,2805
37081012610,"Guilford",3159,417,1176
37081012611,"Guilford",3577,408,1481
37081012612,"Guilford",5947,780,2558
37081012617,"Guilford",3478,414,1409
37081012703,"Guilford",5373,511,1672
37081012704,"Guilford",3214,515,1331
37081012705,"Guilford",4056,804,1960
37081012706,"Guilford",3159,601,1536
37081012707,"Guilford",2589,451,1277
37081012803,"Guilford",7640,894,3026
37081012804,"Guilford",4184,595,1871
37081012805,"Guilford",2545,400,1077
37081013601,"Guilford",3092,201,953
37081013602,"Guilford",4138,563,1709
37081013700,"Guilford",4141,381,1288
37081013800,"Guilford",4685,937,2207
37081013900,"Guilford",4509,848,2214
37081014000,"Guilford",3079,462,1232
37081014200,"Guilford",3503,571,1587
37081014300,"Guilford",3045,506,1331
37081014406,"Guilford",2337,407,1040
37081014407,"Guilford",5635,581,1849
37081014408,"Guilford",2326,310,1012
37081014409,"Guilford",2893,301,993
37081014410,"Guilford",3591,363,1265
37081014411,"Guilford",4806,620,1976
37081014412,"Guilford",2587,332,872
37081014501,"Guilford",1300,218,553
37081014502,"Guilford",4433,510,1632
37081014503,"Guilford",3523,543,1540
37081015100,"Guilford",4097,418,1414
37081015200,"Guilford",8412,732,2903
37081015300,"Guilford",7791,725,2649
37081015401,"Guilford",5527,459,1918
37081015402,"Guilford",7211,851,2827
37081015500,"Guilford",6111,648,2445
37081015600,"Guilford",9324,737,2947
37081015703,"Guilford",5863,481,1818
37081015704,"Guilford",6171,457,1920
37081015705,"Guilford",3158,234,998
37081015706,"Guilford",5288,434,1661
37081015707,"Guilford",6612,589,2077
37081015800,"Guilford",7984,615,2460
37081015901,"Guilford",5270,464,1708
37081015902,"Guilford",3611,268,1116
37081016003,"Guilford",4294,323,1289
37081016005,"Guilford",1721,133,491
37081016006,"Guilford",3159,228,894
37081016007,"Guilford",4933,351,1441
37081016008,"Guilford",7034,465,2118
37081016009,"Guilford",3743,311,1161
37081016010,"Guilford",2607,191,793
37081016011,"Guilford",5627,400,1942
37081016101,"Guilford",5063,466,1362
37081016102,"Guilford",3930,287,1301
37081016103,"Guilford",5068,401,1637
37081016201,"Guilford",5352,397,1606
37081016203,"Guilford",4013,378,1172
37081016204,"Guilford",2985,206,854
37081016205,"Guilford",3903,274,1171
37081016303,"Guilford",3316,319,1012
37081016304,"Guilford",3758,275,1094
37081016305,"Guilford",3538,291,1037
37081016306,"Guilford",4500,342,1436
37081016405,"Guilford",1691,151,645
37081016406,"Guilford",3300,232,1063
37081016407,"Guilford",4577,339,1387
37081016408,"Guilford",1956,190,570
37081016409,"Guilford",2513,219,775
37081016410,"Guilford",5520,525,1966
37081016502,"Guilford",5598,538,1747
37081016503,"Guilford",3729,232,1175
37081016505,"Guilford",5072,335,1593
37081016506,"Guilford",4900,373,1534
37081016600,"Guilford",2500,315,888
37081016701,"Guilford",5126,467,1851
37081016702,"Guilford",3522,370,1205
37081016800,"Guilford",6584,738,2450
37081016900,"Guilford",4698,466,1509
37081017000,"Guilford",4516,475,1536
37081017100,"Guilford",7273,677,2306
37081017200,"Guilford",6919,644,2332
37083930100,"Halifax",3435,681,1629
37083930200,"Halifax",5310,627,1928
37083930300,"Halifax",4817,622,1913
37083930400,"Halifax",3629,552,1517
37083930501,"Halifax",3956,590,1717
37083930502,"Halifax",5540,892,2399
37083930600,"Halifax",4097,681,1815
37083930700,"Halifax",4108,703,1693
37083930800,"Halifax",5312,1047,2513
37083930900,"Halifax",5577,1205,2767
37083931000,"Halifax",3488,604,1636
37083931100,"Halifax",5422,1042,2424
37085070100,"Harnett",4530,698,2075
37085070200,"Harnett",3262,578,1583
37085070300,"Harnett",4907,761,2164
37085070401,"Harnett",3963,456,1657
37085070402,"Harnett",6679,755,2913
37085070500,"Harnett",5914,769,2484
37085070600,"Harnett",4377,565,1983
37085070700,"Harnett",5400,746,2511
37085070801,"Harnett",2070,224,878
37085070802,"Harnett",4969,314,1605
37085070901,"Harnett",2574,271,1028
37085070902,"Harnett",2680,279,1099
37085070903,"Harnett",2266,225,916
37085070904,"Harnett",3344,325,1362
37085071001,"Harnett",5029,433,1922
37085071002,"Harnett",3102,301,1229
37085071101,"Harnett",3410,396,1467
37085071102,"Harnett",4911,531,2029
37085071201,"Harnett",2264,231,938
37085071202,"Harnett",4178,364,1780
37085071203,"Harnett",1331,115,542
37085071204,"Harnett",4560,352,1774
37085071301,"Harnett",3558,388,1474
37085071302,"Harnett",5250,373,2132
37085071303,"Harnett",7714,556,2909
37085071401,"Harnett",3908,423,1665
37085071402,"Harnett",8528,734,3659
37087920101,"Haywood",3393,374,1147
37087920102,"Haywood",3818,420,1280
37087920200,"Haywood",6625,749,2339
37087920300,"Haywood",3283,398,1166
37087920400,"Haywood",1921,210,663
37087920500,"Haywood",6214,665,2144
37087920600,"Haywood",4493,522,1456
37087920700,"Haywood",3194,425,1090
37087920800,"Haywood",3037,350,994
37087920900,"Haywood",1996,258,709
37087921000,"Haywood",3322,369,1083
37087921100,"Haywood",2468,326,840
37087921200,"Haywood",5649,684,1961
37087921301,"Haywood",4182,444,1385
37087921302,"Haywood",5431,636,1880
37089930100,"Henderson",4484,435,1601
37089930200,"Henderson",6797,694,2556
37089930300,"Henderson",6408,712,2314
37089930401,"Henderson",2697,278,963
37089930402,"Henderson",2596,294,932
37089930501,"Henderson",4034,380,1372
37089930502,"Henderson",4614,379,1574
37089930600,"Henderson",4959,402,1642
37089930701,"Henderson",3410,318,1150
37089930702,"Henderson",4506,397,1519
37089930703,"Henderson",5578,648,1936
37089930800,"Henderson",5057,552,1745
37089930900,"Henderson",3096,295,1059
37089931000,"Henderson",5532,753,1865
37089931100,"Henderson",2378,264,895
37089931200,"Henderson",2240,258,854
37089931300,"Henderson",3589,402,1318
37089931400,"Henderson",5476,630,2136
37089931500,"Henderson",3554,395,1074
37089931600,"Henderson",4747,580,1652
37089931700,"Henderson",2696,281,844
37089931801,"Henderson",2988,356,909
37089931802,"Henderson",4332,494,1382
37089931901,"Henderson",3503,389,1185
37089931902,"Henderson",2927,296,987
37089932000,"Henderson",4542,423,1527
37091950100,"Hertford",7429,1152,3046
37091950200,"Hertford",6038,973,2621
37091950300,"Hertford",3303,516,1348
37091950401,"Hertford",3543,504,1308
37091950402,"Hertford",4356,793,1882
37093970101,"Hoke",8327,733,3381
37093970102,"Hoke",11350,806,4211
37093970103,"Hoke",7549,650,2907
37093970201,"Hoke",4204,543,1762
37093970202,"Hoke",3643,514,1589
37093970300,"Hoke",5125,872,2255
37093970401,"Hoke",3710,579,1622
37093970402,"Hoke",3044,567,1477
37095920100,"Hyde",5810,820,2237
37097060100,"Iredell",5362,617,1711
37097060200,"Iredell",1985,413,957
37097060300,"Iredell",2706,455,1175
37097060400,"Iredell",4066,675,1659
37097060500,"Iredell",4103,431,1318
37097060601,"Iredell",5347,706,1861
37097060602,"Iredell",1972,215,576
37097060603,"Iredell",1587,243,621
37097060701,"Iredell",3044,348,1057
37097060702,"Iredell",4100,431,1353
37097060703,"Iredell",2879,288,905
37097060801,"Iredell",3482,443,1226
37097060802,"Iredell",3564,403,1209
37097060901,"Iredell",3186,367,1052
37097060902,"Iredell",3854,448,1311
37097061001,"Iredell",3722,369,1184
37097061002,"Iredell",4143,460,1393
37097061003,"Iredell",3572,408,1165
37097061101,"Iredell",2668,297,881
37097061102,"Iredell",3085,318,975
37097061103,"Iredell",2769,316,925
37097061104,"Iredell",2176,240,714
37097061201,"Iredell",3428,319,1053
37097061202,"Iredell",4652,461,1489
37097061203,"Iredell",4148,341,1257
37097061204,"Iredell",3019,248,858
37097061205,"Iredell",3587,363,1098
37097061301,"Iredell",2707,274,899
37097061302,"Iredell",3904,395,1297
37097061303,"Iredell",4115,338,1227
37097061304,"Iredell",4705,349,1403
37097061401,"Iredell",4208,312,1162
37097061402,"Iredell",5148,412,1509
37097061403,"Iredell",3350,258,1009
37097061404,"Iredell",2016,170,567
37097061405,"Iredell",3531,304,1021
37097061406,"Iredell",4258,358,1227
37097061407,"Iredell",3789,353,1141
37097061408,"Iredell",3541,245,1059
37097061501,"Iredell",3333,364,1164
37097061502,"Iredell",3751,349,1130
37097061503,"Iredell",4206,417,1250
37097061601,"Iredell",3296,442,1286
37097061602,"Iredell",7373,524,2065
37099940200,"Jackson",5910,828,2359
37099950200,"Jackson",1756,192,612
37099950300,"Jackson",5241,593,1819
37099950400,"Jackson",4224,398,1361
37099950500,"Jackson",5488,571,1866
37099950600,"Jackson",10568,666,3118
37099950700,"Jackson",2835,329,1027
37099950800,"Jackson",1979,244,697
37099950900,"Jackson",2270,259,720
37101040100,"Johnston",6942,917,2638
37101040201,"Johnston",6342,743,2328
37101040202,"Johnston",6479,668,2294
37101040203,"Johnston",14249,1041,4603
37101040301,"Johnston",3901,636,1655
37101040302,"Johnston",5538,770,2254
37101040400,"Johnston",4407,468,1552
37101040500,"Johnston",6351,712,2268
37101040600,"Johnston",3192,511,1332
37101040700,"Johnston",3408,546,1285
37101040800,"Johnston",3471,448,1254
37101040901,"Johnston",10844,1085,3763
37101040902,"Johnston",6385,601,2210
37101041001,"Johnston",7563,779,2731
37101041002,"Johnston",7492,690,2510
37101041101,"Johnston",7433,610,2483
37101041102,"Johnston",9637,810,3219
37101041103,"Johnston",12699,940,4191
37101041201,"Johnston",3851,493,1422
37101041202,"Johnston",5115,650,1929
37101041300,"Johnston",5991,749,2271
37101041400,"Johnston",6695,918,2518
37101041501,"Johnston",6838,582,2312
37101041502,"Johnston",6980,566,2318
37101041503,"Johnston",7075,651,2399
37103920100,"Jones",3888,607,1591
37103920200,"Jones",2776,489,1239
37103920300,"Jones",3489,524,1452
37105030101,"Lee",4438,475,1483
37105030102,"Lee",5454,502,1577
37105030200,"Lee",3646,602,1627
37105030300,"Lee",3237,593,1464
37105030401,"Lee",4173,568,1611
37105030402,"Lee",6248,913,2425
37105030501,"Lee",4092,467,1212
37105030502,"Lee",2113,267,753
37105030503,"Lee",7296,883,2671
37105030601,"Lee",3377,291,1003
37105030602,"Lee",4711,472,1480
37105030701,"Lee",4751,461,1526
37105030702,"Lee",4330,477,1429
37107010100,"Lenoir",4889,753,2073
37107010200,"Lenoir",2545,588,1260
37107010300,"Lenoir",2008,454,1093
37107010400,"Lenoir",1007,250,532
37107010500,"Lenoir",3790,808,1888
37107010600,"Lenoir",3574,565,1355
37107010700,"Lenoir",2362,523,1122
37107010800,"Lenoir",5049,682,1828
37107010900,"Lenoir",3413,526,1444
37107011001,"Lenoir",4483,552,1650
37107011002,"Lenoir",4012,394,1425
37107011100,"Lenoir",5820,903,2433
37107011200,"Lenoir",6682,769,2473
37107011300,"Lenoir",5134,740,2075
37107011400,"Lenoir",4727,568,1740
37109070100,"Lincoln",4826,618,1748
37109070201,"Lincoln",4192,428,1510
37109070202,"Lincoln",3349,335,1096
37109070300,"Lincoln",4042,518,1403
37109070400,"Lincoln",6079,651,2122
37109070500,"Lincoln",4914,482,1632
37109070600,"Lincoln",4585,445,1527
37109070700,"Lincoln",3180,309,1072
37109070800,"Lincoln",6506,762,2414
37109070901,"Lincoln",3159,294,1078
37109070902,"Lincoln",6338,590,2098
37109071001,"Lincoln",5253,505,1766
37109071002,"Lincoln",2681,322,974
37109071101,"Lincoln",5315,484,1744
37109071102,"Lincoln",4805,380,1456
37109071201,"Lincoln",1729,161,536
37109071202,"Lincoln",3145,277,960
37109071203,"Lincoln",4167,313,1226
37111970100,"McDowell",5273,596,1793
37111970200,"McDowell",4919,591,1762
37111970300,"McDowell",3261,369,1047
37111970400,"McDowell",2776,347,1011
37111970500,"McDowell",3954,515,1420
37111970600,"McDowell",3680,357,1193
37111970700,"McDowell",4380,530,1516
37111970800,"McDowell",4227,508,1463
37111970901,"McDowell",7429,810,2601
37111970902,"McDowell",5097,592,1795
37113970100,"Macon",2684,333,881
37113970200,"Macon",4090,561,1395
37113970301,"Macon",4006,481,1343
37113970302,"Macon",4050,499,1260
37113970400,"Macon",3924,511,1291
37113970501,"Macon",1435,173,420
37113970502,"Macon",1504,175,437
37113970600,"Macon",5755,726,1888
37113970700,"Macon",6474,732,2092
37115010100,"Madison",2546,339,909
37115010200,"Madison",2294,308,817
37115010400,"Madison",1911,234,669
37115010500,"Madison",4816,497,1551
37115010600,"Madison",6322,588,1935
37115010700,"Madison",2875,322,961
37117970100,"Martin",4183,586,1552
37117970200,"Martin",4586,693,1706
37117970300,"Martin",4385,698,1733
37117970400,"Martin",2652,494,1088
37117970500,"Martin",5397,697,1976
37117970600,"Martin",3302,644,1404
37119000100,"Mecklenburg",3425,117,737
37119000300,"Mecklenburg",407,44,130
37119000400,"Mecklenburg",1599,103,403
37119000500,"Mecklenburg",4964,288,1271
37119000600,"Mecklenburg",4100,242,1218
37119000700,"Mecklenburg",736,59,229
37119000800,"Mecklenburg",2284,304,912
37119000900,"Mecklenburg",1556,232,586
37119001000,"Mecklenburg",2319,114,559
37119001100,"Mecklenburg",1809,84,442
37119001200,"Mecklenburg",5650,419,1599
37119001300,"Mecklenburg",3893,468,1324
37119001400,"Mecklenburg",2607,160,715
37119001504,"Mecklenburg",6401,903,2510
37119001505,"Mecklenburg",3678,435,1295
37119001507,"Mecklenburg",4004,597,1682
37119001508,"Mecklenburg",6061,625,2055
37119001509,"Mecklenburg",2976,495,1212
37119001510,"Mecklenburg",3047,442,1122
37119001603,"Mecklenburg",4598,621,1490
37119001605,"Mecklenburg",1776,180,604
37119001606,"Mecklenburg",4295,529,1448
37119001607,"Mecklenburg",2613,343,965
37119001608,"Mecklenburg",3933,551,1534
37119001609,"Mecklenburg",3168,365,1154
37119001701,"Mecklenburg",3749,402,1328
37119001702,"Mecklenburg",4881,562,1792
37119001801,"Mecklenburg",1249,107,414
37119001802,"Mecklenburg",2892,226,842
37119001910,"Mecklenburg",5117,568,1817
37119001911,"Mecklenburg",5441,604,1867
37119001912,"Mecklenburg",6565,782,2456
37119001914,"Mecklenburg",3485,387,1199
37119001915,"Mecklenburg",6293,579,2241
37119001916,"Mecklenburg",3725,407,1230
37119001917,"Mecklenburg",3567,411,1242
37119001918,"Mecklenburg",3527,392,1256
37119001919,"Mecklenburg",3379,389,1180
37119001920,"Mecklenburg",4226,508,1581
37119001921,"Mecklenburg",2356,257,835
37119001922,"Mecklenburg",4340,543,1650
37119001923,"Mecklenburg",3605,383,1284
37119002002,"Mecklenburg",5725,413,1340
37119002003,"Mecklenburg",5395,524,1479
37119002004,"Mecklenburg",4934,361,1303
37119002100,"Mecklenburg",2546,255,787
37119002200,"Mecklenburg",4859,292,1128
37119002300,"Mecklenburg",2652,459,1207
37119002400,"Mecklenburg",2514,134,621
37119002500,"Mecklenburg",1539,68,347
37119002600,"Mecklenburg",818,64,246
37119002701,"Mecklenburg",2208,184,530
37119002702,"Mecklenburg",5372,285,1177
37119002800,"Mecklenburg",3627,254,846
37119002903,"Mecklenburg",3636,251,862
37119002904,"Mecklenburg",6717,464,1532
37119002905,"Mecklenburg",3066,200,712
37119002906,"Mecklenburg",4034,251,920
37119003006,"Mecklenburg",3930,280,955
37119003007,"Mecklenburg",6569,493,1544
37119003008,"Mecklenburg",5741,500,1470
37119003011,"Mecklenburg",5951,465,1256
37119003012,"Mecklenburg",4247,315,1058
37119003013,"Mecklenburg",5121,354,1209
37119003015,"Mecklenburg",4422,332,1110
37119003016,"Mecklenburg",4558,256,1131
37119003017,"Mecklenburg",3359,256,817
37119003018,"Mecklenburg",2628,171,621
37119003102,"Mecklenburg",4067,391,1160
37119003103,"Mecklenburg",4327,321,1177
37119003105,"Mecklenburg",3480,265,846
37119003106,"Mecklenburg",2624,221,780
37119003108,"Mecklenburg",3221,316,1131
37119003109,"Mecklenburg",3968,342,1413
37119003201,"Mecklenburg",2785,251,872
37119003203,"Mecklenburg",2436,159,675
37119003204,"Mecklenburg",2967,220,757
37119003300,"Mecklenburg",2933,176,757
37119003400,"Mecklenburg",4423,186,1027
37119003500,"Mecklenburg",2329,112,527
37119003600,"Mecklenburg",3176,426,1169
37119003700,"Mecklenburg",2345,256,849
37119003802,"Mecklenburg",3414,724,1489
37119003805,"Mecklenburg",1824,77,363
37119003806,"Mecklenburg",8292,714,2579
37119003807,"Mecklenburg",4005,541,1538
37119003808,"Mecklenburg",4811,438,1761
37119003902,"Mecklenburg",4390,738,1840
37119003903,"Mecklenburg",2541,379,1108
37119004000,"Mecklenburg",4312,734,1730
37119004100,"Mecklenburg",2795,288,956
37119004200,"Mecklenburg",2968,526,1300
37119004302,"Mecklenburg",4524,715,1797
37119004303,"Mecklenburg",2557,333,918
37119004304,"Mecklenburg",3466,406,1262
37119004305,"Mecklenburg",5649,633,2079
37119004400,"Mecklenburg",4249,498,1581
37119004500,"Mecklenburg",2957,512,1263
37119004600,"Mecklenburg",3040,678,1347
37119004700,"Mecklenburg",2073,208,749
37119004800,"Mecklenburg",3422,712,1462
37119004900,"Mecklenburg",737,150,350
37119005000,"Mecklenburg",1341,203,540
37119005100,"Mecklenburg",2340,504,1079
37119005200,"Mecklenburg",2728,516,1253
37119005301,"Mecklenburg",3326,463,1361
37119005305,"Mecklenburg",5005,781,1977
37119005306,"Mecklenburg",2437,371,980
37119005307,"Mecklenburg",3153,410,1309
37119005308,"Mecklenburg",2383,265,944
37119005401,"Mecklenburg",6853,1028,2701
37119005403,"Mecklenburg",4052,434,1398
37119005404,"Mecklenburg",4927,597,1799
37119005508,"Mecklenburg",4190,298,1170
37119005509,"Mecklenburg",5476,373,1649
37119005510,"Mecklenburg",5207,427,1823
37119005511,"Mecklenburg",3636,226,1048
37119005512,"Mecklenburg",4675,496,1679
37119005513,"Mecklenburg",3938,323,1158
37119005514,"Mecklenburg",6511,489,1830
37119005515,"Mecklenburg",2482,189,663
37119005516,"Mecklenburg",1762,117,467
37119005517,"Mecklenburg",4282,283,1140
37119005518,"Mecklenburg",4582,317,1228
37119005519,"Mecklenburg",4717,312,1354
37119005520,"Mecklenburg",4495,360,1223
37119005521,"Mecklenburg",5951,340,1625
37119005522,"Mecklenburg",4640,256,1216
37119005523,"Mecklenburg",4720,232,1096
37119005524,"Mecklenburg",8078,598,2343
37119005604,"Mecklenburg",4461,134,1098
37119005605,"Mecklenburg",5965,341,1706
37119005609,"Mecklenburg",3334,174,934
37119005610,"Mecklenburg",3394,289,1080
37119005611,"Mecklenburg",2383,160,715
37119005612,"Mecklenburg",4451,330,1340
37119005613,"Mecklenburg",1820,119,519
37119005614,"Mecklenburg",6639,472,2052
37119005615,"Mecklenburg",1248,105,364
37119005616,"Mecklenburg",1761,196,647
37119005617,"Mecklenburg",1931,224,669
37119005618,"Mecklenburg",3156,307,1026
37119005619,"Mecklenburg",3956,313,1270
37119005620,"Mecklenburg",6904,629,2300
37119005621,"Mecklenburg",4541,350,1354
37119005706,"Mecklenburg",6637,684,2051
37119005709,"Mecklenburg",3488,311,925
37119005710,"Mecklenburg",3985,383,1308
37119005711,"Mecklenburg",5651,554,1492
37119005712,"Mecklenburg",3636,291,979
37119005713,"Mecklenburg",3623,330,993
37119005714,"Mecklenburg",4751,376,1255
37119005715,"Mecklenburg",2526,238,741
37119005716,"Mecklenburg",4462,335,1357
37119005717,"Mecklenburg",5930,493,1833
37119005811,"Mecklenburg",3880,307,1005
37119005812,"Mecklenburg",6077,402,1672
37119005815,"Mecklenburg",3210,280,867
37119005816,"Mecklenburg",3872,291,957
37119005817,"Mecklenburg",4001,293,989
37119005823,"Mecklenburg",7873,544,1961
37119005824,"Mecklenburg",2817,271,964
37119005825,"Mecklenburg",4323,420,1258
37119005826,"Mecklenburg",2839,253,881
37119005827,"Mecklenburg",2366,209,784
37119005828,"Mecklenburg",3726,250,943
37119005829,"Mecklenburg",2556,208,724
37119005830,"Mecklenburg",3666,308,1071
37119005831,"Mecklenburg",4480,260,1143
37119005832,"Mecklenburg",2810,178,678
37119005833,"Mecklenburg",4642,390,1022
37119005834,"Mecklenburg",4012,297,1080
37119005835,"Mecklenburg",2632,214,716
37119005836,"Mecklenburg",4013,322,1156
37119005837,"Mecklenburg",6227,368,1532
37119005838,"Mecklenburg",6454,349,1614
37119005839,"Mecklenburg",2381,153,615
37119005840,"Mecklenburg",2061,128,485
37119005841,"Mecklenburg",6194,378,1493
37119005842,"Mecklenburg",5936,464,1490
37119005843,"Mecklenburg",3054,196,782
37119005844,"Mecklenburg",6539,367,1583
37119005845,"Mecklenburg",3480,174,811
37119005846,"Mecklenburg",4029,266,971
37119005847,"Mecklenburg",3983,287,976
37119005848,"Mecklenburg",5230,351,1292
37119005906,"Mecklenburg",4478,511,1442
37119005907,"Mecklenburg",4229,254,1138
37119005908,"Mecklenburg",1535,122,403
37119005909,"Mecklenburg",6318,443,1852
37119005910,"Mecklenburg",4224,279,1276
37119005911,"Mecklenburg",4117,326,1161
37119005912,"Mecklenburg",4816,362,1421
37119005913,"Mecklenburg",6220,529,1835
37119005914,"Mecklenburg",5563,362,1597
37119005915,"Mecklenburg",1495,60,400
37119005916,"Mecklenburg",2271,318,904
37119005917,"Mecklenburg",5230,388,1528
37119005918,"Mecklenburg",3435,234,1014
37119006005,"Mecklenburg",2854,266,922
37119006006,"Mecklenburg",5911,763,2052
37119006007,"Mecklenburg",6643,432,1993
37119006008,"Mecklenburg",3635,320,1146
37119006009,"Mecklenburg",2757,249,874
37119006010,"Mecklenburg",6436,708,2253
37119006103,"Mecklenburg",3818,283,1096
37119006104,"Mecklenburg",8187,778,2751
37119006105,"Mecklenburg",2673,201,813
37119006106,"Mecklenburg",3551,277,1094
37119006107,"Mecklenburg",4324,269,1259
37119006108,"Mecklenburg",4341,374,1476
37119006109,"Mecklenburg",3514,531,1357
37119006203,"Mecklenburg",5083,407,1353
37119006204,"Mecklenburg",7267,575,1875
37119006208,"Mecklenburg",2476,122,610
37119006209,"Mecklenburg",3826,207,957
37119006210,"Mecklenburg",3678,232,935
37119006211,"Mecklenburg",6125,356,1568
37119006212,"Mecklenburg",3183,176,784
37119006213,"Mecklenburg",5553,345,1494
37119006214,"Mecklenburg",4067,281,1119
37119006215,"Mecklenburg",4227,326,1235
37119006302,"Mecklenburg",5950,441,1553
37119006303,"Mecklenburg",5321,346,1464
37119006304,"Mecklenburg",6045,381,1578
37119006403,"Mecklenburg",5319,383,1250
37119006404,"Mecklenburg",4952,312,1204
37119006405,"Mecklenburg",3081,188,762
37119006406,"Mecklenburg",6132,417,1724
37119006407,"Mecklenburg",3313,189,895
37121950100,"Mitchell",2479,296,767
37121950200,"Mitchell",3821,455,1204
37121950300,"Mitchell",4372,521,1448
37121950400,"Mitchell",4907,526,1448
37123960100,"Montgomery",6431,766,2193
37123960200,"Montgomery",7370,767,2462
37123960300,"Montgomery",3914,447,1210
37123960401,"Montgomery",2134,359,852
37123960402,"Montgomery",2306,326,796
37123960500,"Montgomery",5643,864,2252
37125950100,"Moore",2712,299,866
37125950200,"Moore",7118,926,2542
37125950301,"Moore",6142,676,1868
37125950302,"Moore",4837,523,1403
37125950401,"Moore",3939,422,1241
37125950402,"Moore",4283,480,1422
37125950501,"Moore",6438,619,2022
37125950502,"Moore",8128,854,2463
37125950601,"Moore",3259,362,815
37125950602,"Moore",6632,723,1970
37125950701,"Moore",4542,509,1200
37125950702,"Moore",2588,314,629
37125950801,"Moore",4445,654,1601
37125950802,"Moore",3656,432,929
37125950900,"Moore",2422,216,698
37125951000,"Moore",4570,426,1198
37125951100,"Moore",8172,801,2509
37125951200,"Moore",4364,498,1524
37127010200,"Nash",5155,985,2418
37127010300,"Nash",6574,941,2571
37127010400,"Nash",3356,621,1568
37127010502,"Nash",7060,862,2514
37127010503,"Nash",3107,373,1085
37127010504,"Nash",5960,740,2140
37127010601,"Nash",2730,314,1008
37127010602,"Nash",5712,583,2160
37127010700,"Nash",2743,415,1089
37127010800,"Nash",7195,778,2562
37127010900,"Nash",5502,804,2251
37127011000,"Nash",4381,719,1797
37127011101,"Nash",6000,594,2100
37127011102,"Nash",7994,960,2982
37127011200,"Nash",6167,660,2110
37127011300,"Nash",4961,536,1781
37127011400,"Nash",4304,470,1580
37127011500,"Nash",6939,896,2707
37129010100,"New Hanover",2512,410,973
37129010200,"New Hanover",3378,426,1132
37129010300,"New Hanover",5365,660,1825
37129010400,"New Hanover",2909,207,716
37129010501,"New Hanover",3820,363,1269
37129010502,"New Hanover",7013,526,2027
37129010600,"New Hanover",4064,378,911
37129010700,"New Hanover",3699,507,1203
37129010800,"New Hanover",2668,337,966
37129010900,"New Hanover",2250,165,599
37129011000,"New Hanover",2248,403,902
37129011100,"New Hanover",2882,640,1300
37129011200,"New Hanover",2312,289,789
37129011300,"New Hanover",1399,156,413
37129011400,"New Hanover",1420,221,529
37129011500,"New Hanover",7990,919,2541
37129011603,"New Hanover",7436,655,2075
37129011605,"New Hanover",4997,350,1325
37129011606,"New Hanover",4176,360,1157
37129011607,"New Hanover",10804,757,3015
37129011608,"New Hanover",5358,467,1453
37129011701,"New Hanover",4409,419,1103
37129011703,"New Hanover",3802,385,905
37129011705,"New Hanover",8039,652,2067
37129011800,"New Hanover",2473,146,517
37129011902,"New Hanover",5028,428,1413
37129011903,"New Hanover",8514,401,1933
37129011904,"New Hanover",1829,129,423
37129012001,"New Hanover",7013,639,1838
37129012004,"New Hanover",3649,289,862
37129012006,"New Hanover",3865,356,917
37129012007,"New Hanover",3935,394,1031
37129012008,"New Hanover",5430,364,1331
37129012009,"New Hanover",7062,573,1710
37129012010,"New Hanover",4840,397,1206
37129012101,"New Hanover",8130,724,2309
37129012103,"New Hanover",4307,349,1056
37129012104,"New Hanover",5387,523,1450
37129012105,"New Hanover",11361,966,2932
37129012201,"New Hanover",2665,251,744
37129012202,"New Hanover",3048,232,762
37129012203,"New Hanover",2012,194,493
37129012300,"New Hanover",7167,646,1627
37131920100,"Northampton",5538,848,2149
37131920200,"Northampton",4636,793,1850
37131920300,"Northampton",6055,1145,2647
37131920401,"Northampton",4370,800,1888
37131920402,"Northampton",1500,242,528
37133000102,"Onslow",8166,727,2458
37133000103,"Onslow",5415,482,1733
37133000201,"Onslow",9234,832,2946
37133000202,"Onslow",10317,816,3302
37133000301,"Onslow",5981,563,1980
37133000302,"Onslow",9027,786,3043
37133000401,"Onslow",4787,364,1374
37133000402,"Onslow",5540,510,1651
37133000403,"Onslow",1035,90,288
37133000500,"Onslow",1294,26,327
37133000600,"Onslow",10899,153,2344
37133000700,"Onslow",5176,202,1678
37133000800,"Onslow",1121,18,276
37133000900,"Onslow",6120,129,1628
37133001000,"Onslow",4455,90,1123
37133001101,"Onslow",4585,363,1431
37133001102,"Onslow",4570,407,1490
37133001200,"Onslow",10145,792,3196
37133001300,"Onslow",12779,972,3962
37133001400,"Onslow",4672,440,1365
37133001500,"Onslow",2909,256,981
37133001700,"Onslow",2595,224,810
37133001800,"Onslow",1922,198,658
37133002100,"Onslow",6552,603,2084
37133002201,"Onslow",5250,389,1575
37133002202,"Onslow",5081,458,1723
37133002300,"Onslow",4552,351,1421
37133002400,"Onslow",6283,547,2149
37133002500,"Onslow",3126,282,1073
37133002600,"Onslow",4492,634,1698
37133002800,"Onslow",9692,660,2889
37135010701,"Orange",1973,216,594
37135010703,"Orange",6064,389,1717
37135010704,"Orange",5134,273,1253
37135010705,"Orange",4573,298,1249
37135010706,"Orange",3203,212,782
37135010801,"Orange",5025,508,1553
37135010802,"Orange",4654,424,1355
37135010901,"Orange",5383,539,1610
37135010902,"Orange",4724,416,1437
37135011000,"Orange",7182,611,1968
37135011101,"Orange",8028,843,2602
37135011102,"Orange",5844,521,1777
37135011202,"Orange",6885,517,1825
37135011203,"Orange",5301,509,1570
37135011204,"Orange",3189,268,817
37135011205,"Orange",7554,552,1723
37135011300,"Orange",2926,229,916
37135011400,"Orange",3834,208,898
37135011500,"Orange",1812,140,455
37135011601,"Orange",2350,22,386
37135011602,"Orange",5786,105,1227
37135011700,"Orange",4190,181,1023
37135011800,"Orange",3186,192,791
37135011901,"Orange",5315,410,1335
37135011902,"Orange",3945,304,955
37135012100,"Orange",7551,612,1934
37135012201,"Orange",2566,213,673
37135012202,"Orange",5624,332,1333
37137950101,"Pamlico",2941,359,1036
37137950102,"Pamlico",4079,612,1567
37137950201,"Pamlico",3885,552,1321
37137950202,"Pamlico",2239,283,674
37139960100,"Pasquotank",1731,253,734
37139960200,"Pasquotank",5175,497,1900
37139960300,"Pasquotank",2962,637,1559
37139960400,"Pasquotank",4214,531,1690
37139960501,"Pasquotank",3210,357,1159
37139960502,"Pasquotank",5246,509,1942
37139960503,"Pasquotank",2699,359,1126
37139960600,"Pasquotank",6653,706,2435
37139960701,"Pasquotank",5654,611,2076
37139960702,"Pasquotank",3117,362,1157
37141920101,"Pender",368,39,97
37141920102,"Pender",1094,85,278
37141920103,"Pender",4004,393,1174
37141920201,"Pender",5678,483,1511
37141920202,"Pender",6164,598,1683
37141920203,"Pender",4074,359,1206
37141920204,"Pender",2231,299,781
37141920300,"Pender",4232,648,1566
37141920401,"Pender",2381,362,915
37141920402,"Pender",3102,367,1077
37141920403,"Pender",3671,415,1131
37141920501,"Pender",4633,695,1705
37141920502,"Pender",1717,234,591
37141920601,"Pender",3093,415,1123
37141920602,"Pender",5775,590,1872
37143920100,"Perquimans",6853,864,2413
37143920201,"Perquimans",2828,408,1044
37143920202,"Perquimans",3772,544,1287
37145920100,"Person",6834,862,2611
37145920200,"Person",6749,817,2450
37145920300,"Person",6294,995,2581
37145920400,"Person",2851,465,1178
37145920500,"Person",6984,692,2438
37145920601,"Person",5133,673,1987
37145920602,"Person",4619,481,1617
37147000100,"Pitt",5173,430,1801
37147000201,"Pitt",4952,352,1451
37147000202,"Pitt",2623,229,858
37147000301,"Pitt",3159,253,948
37147000302,"Pitt",8858,709,2729
37147000400,"Pitt",6567,198,1498
37147000501,"Pitt",5886,566,1913
37147000502,"Pitt",6706,389,1985
37147000601,"Pitt",6686,723,2461
37147000602,"Pitt",5219,470,1921
37147000603,"Pitt",9570,795,3331
37147000701,"Pitt",3903,676,1698
37147000702,"Pitt",2968,579,1446
37147000800,"Pitt",3575,515,1556
37147000900,"Pitt",8052,910,2988
37147001001,"Pitt",2240,151,668
37147001002,"Pitt",6072,480,1913
37147001003,"Pitt",5272,412,1577
37147001100,"Pitt",5134,534,1772
37147001200,"Pitt",5939,523,1925
37147001301,"Pitt",3883,299,1228
37147001302,"Pitt",5177,430,1652
37147001303,"Pitt",7689,500,2284
37147001401,"Pitt",4801,706,1839
37147001402,"Pitt",2591,311,931
37147001500,"Pitt",3315,451,1247
37147001600,"Pitt",7843,714,2683
37147001700,"Pitt",3753,383,1280
37147001800,"Pitt",6120,870,2369
37147001900,"Pitt",2889,419,1104
37147002001,"Pitt",6287,874,2704
37147002002,"Pitt",5246,682,1931
37149920101,"Polk",3373,358,1134
37149920103,"Polk",3197,365,1056
37149920104,"Polk",2983,379,883
37149920200,"Polk",5061,593,1822
37149920301,"Polk",1075,159,379
37149920303,"Polk",1947,240,627
37149920304,"Polk",2874,345,857
37151030100,"Randolph",4597,580,1747
37151030201,"Randolph",3078,345,1032
37151030202,"Randolph",5078,605,1737
37151030301,"Randolph",6501,735,2438
37151030302,"Randolph",3041,527,1256
37151030400,"Randolph",4193,546,1619
37151030502,"Randolph",4019,459,1339
37151030503,"Randolph",5855,574,2003
37151030504,"Randolph",5893,590,2039
37151030600,"Randolph",6387,748,2274
37151030700,"Randolph",6011,620,2068
37151030801,"Randolph",7148,751,2538
37151030802,"Randolph",6290,667,2177
37151030900,"Randolph",3686,476,1353
37151031000,"Randolph",7151,937,2646
37151031100,"Randolph",5823,763,2213
37151031200,"Randolph",5336,753,2050
37151031303,"Randolph",4226,453,1446
37151031304,"Randolph",4701,555,1688
37151031305,"Randolph",4090,487,1514
37151031306,"Randolph",6845,644,2307
37151031400,"Randolph",8452,837,2942
37151031501,"Randolph",6079,627,2098
37151031503,"Randolph",3011,332,1021
37151031504,"Randolph",5234,519,1712
37151031505,"Randolph",3618,380,1187
37151031601,"Randolph",3905,508,1461
37151031602,"Randolph",1504,205,560
37153970100,"Richmond",3676,445,1339
37153970200,"Richmond",4930,666,1746
37153970300,"Richmond",4878,669,1752
37153970400,"Richmond",4230,517,1430
37153970500,"Richmond",2503,391,969
37153970600,"Richmond",4152,723,1728
37153970700,"Richmond",3130,442,1174
37153970800,"Richmond",5340,732,1982
37153970900,"Richmond",5236,629,1749
37153971000,"Richmond",4174,677,1695
37153971100,"Richmond",4390,725,1748
37155960101,"Robeson",4125,566,1848
37155960102,"Robeson",5195,717,2146
37155960201,"Robeson",6039,816,2573
37155960202,"Robeson",4664,784,2202
37155960300,"Robeson",6797,1156,3134
37155960401,"Robeson",7157,1045,3042
37155960402,"Robeson",3568,568,1545
37155960501,"Robeson",3413,574,1492
37155960502,"Robeson",6057,630,2248
37155960503,"Robeson",1764,295,755
37155960600,"Robeson",6431,1029,2939
37155960701,"Robeson",5471,799,2282
37155960702,"Robeson",3080,469,1362
37155960801,"Robeson",4529,847,2342
37155960802,"Robeson",1971,403,992
37155960900,"Robeson",2001,241,709
37155961000,"Robeson",2147,318,924
37155961100,"Robeson",2050,339,966
37155961200,"Robeson",2902,418,1176
37155961301,"Robeson",4473,560,1606
37155961302,"Robeson",5217,700,2207
37155961400,"Robeson",3833,491,1584
37155961500,"Robeson",5841,701,2337
37155961601,"Robeson",3856,517,1662
37155961602,"Robeson",3811,553,1597
37155961700,"Robeson",5568,1081,2584
37155961801,"Robeson",5086,952,2386
37155961802,"Robeson",5198,863,2324
37155961900,"Robeson",4995,999,2368
37155962001,"Robeson",3709,702,1773
37155962002,"Robeson",3220,574,1491
37157040101,"Rockingham",4097,521,1475
37157040102,"Rockingham",2823,314,983
37157040200,"Rockingham",3949,530,1485
37157040300,"Rockingham",3712,476,1229
37157040400,"Rockingham",6361,923,2513
37157040501,"Rockingham",3659,582,1457
37157040502,"Rockingham",2876,380,1036
37157040601,"Rockingham",3872,469,1375
37157040602,"Rockingham",4784,555,1670
37157040700,"Rockingham",4524,561,1584
37157040800,"Rockingham",1666,244,635
37157040900,"Rockingham",2587,360,950
37157041001,"Rockingham",6103,623,2094
37157041002,"Rockingham",5894,684,2052
37157041100,"Rockingham",6657,786,2304
37157041200,"Rockingham",5282,893,2277
37157041300,"Rockingham",6737,1051,2749
37157041400,"Rockingham",2991,467,1218
37157041500,"Rockingham",6942,917,2416
37157041601,"Rockingham",3513,380,1188
37157041602,"Rockingham",4614,490,1569
37159050201,"Rowan",3858,602,1540
37159050202,"Rowan",4291,606,1627
37159050300,"Rowan",3748,454,1428
37159050400,"Rowan",3154,398,1388
37159050500,"Rowan",3719,384,1150
37159050700,"Rowan",3196,474,1298
37159050800,"Rowan",2834,496,1250
37159050901,"Rowan",4139,514,1499
37159050903,"Rowan",6153,622,2093
37159050904,"Rowan",2582,321,958
37159051001,"Rowan",7435,737,2536
37159051002,"Rowan",5877,618,2046
37159051101,"Rowan",6859,721,2401
37159051102,"Rowan",3774,442,1363
37159051201,"Rowan",6822,642,2450
37159051202,"Rowan",3297,436,1273
37159051204,"Rowan",3973,418,1387
37159051301,"Rowan",2046,230,717
37159051302,"Rowan",4540,563,1599
37159051303,"Rowan",5548,738,2053
37159051400,"Rowan",6967,781,2474
37159051501,"Rowan",3876,458,1446
37159051502,"Rowan",3220,422,1192
37159051600,"Rowan",6499,728,2288
37159051700,"Rowan",7818,860,2799
37159051801,"Rowan",4148,457,1494
37159051802,"Rowan",4574,449,1556
37159051901,"Rowan",4637,506,1637
37159051902,"Rowan",6395,723,2315
37159052000,"Rowan",2449,312,980
37161960100,"Rutherford",6265,809,2099
37161960200,"Rutherford",6973,823,2232
37161960300,"Rutherford",2625,339,785
37161960400,"Rutherford",3448,380,1083
37161960500,"Rutherford",8018,971,2542
37161960600,"Rutherford",4175,560,1491
37161960700,"Rutherford",4887,582,1613
37161960800,"Rutherford",4475,725,1728
37161960900,"Rutherford",5330,741,1877
37161961000,"Rutherford",7425,891,2510
37161961101,"Rutherford",6110,703,2011
37161961102,"Rutherford",3349,392,1119
37161961200,"Rutherford",4730,563,1538
37163970100,"Sampson",7110,1010,2688
37163970200,"Sampson",6635,823,2283
37163970301,"Sampson",6549,701,2234
37163970302,"Sampson",5132,550,1689
37163970400,"Sampson",5315,633,1760
37163970500,"Sampson",5933,825,2196
37163970600,"Sampson",5094,800,1972
37163970700,"Sampson",6104,843,2192
37163970800,"Sampson",6969,1129,2684
37163970900,"Sampson",3161,611,1357
37163971000,"Sampson",5429,793,2042
37165010101,"Scotland",3605,419,1118
37165010102,"Scotland",5186,830,1966
37165010200,"Scotland",4250,842,1938
37165010300,"Scotland",4443,778,1858
37165010400,"Scotland",3906,555,1536
37165010500,"Scotland",7281,1078,2789
37165010600,"Scotland",7486,1071,2853
37167930101,"Stanly",4482,386,1574
37167930102,"Stanly",3804,461,1572
37167930200,"Stanly",4446,516,1810
37167930300,"Stanly",3932,457,1471
37167930500,"Stanly",3588,488,1493
37167930700,"Stanly",4590,478,1781
37167930801,"Stanly",4525,471,1734
37167930802,"Stanly",4541,409,1663
37167930900,"Stanly",5789,585,2200
37167931000,"Stanly",5806,599,2149
37167931100,"Stanly",5754,720,2342
37167931201,"Stanly",6111,838,2689
37167931202,"Stanly",3217,364,1262
37169070100,"Stokes",6720,713,2460
37169070200,"Stokes",3660,399,1318
37169070300,"Stokes",4732,573,1784
37169070400,"Stokes",5337,609,2029
37169070501,"Stokes",6884,813,2479
37169070503,"Stokes",5850,539,1978
37169070504,"Stokes",3394,340,1246
37169070600,"Stokes",5143,535,1842
37169070700,"Stokes",5681,796,2244
37171930101,"Surry",2093,243,691
37171930102,"Surry",4783,551,1584
37171930201,"Surry",3543,443,1209
37171930202,"Surry",3332,467,1143
37171930301,"Surry",2042,256,621
37171930302,"Surry",3630,454,1158
37171930400,"Surry",2576,418,933
37171930501,"Surry",2891,295,862
37171930502,"Surry",3338,508,1162
37171930600,"Surry",3496,389,1091
37171930700,"Surry",4355,488,1403
37171930801,"Surry",5201,625,1748
37171930802,"Surry",3176,401,1052
37171930901,"Surry",4467,590,1430
37171930902,"Surry",1605,169,466
37171931001,"Surry",2540,272,839
37171931002,"Surry",5216,574,1690
37171931003,"Surry",3234,421,1162
37171931101,"Surry",2870,345,962
37171931102,"Surry",3728,399,1193
37171931103,"Surry",1846,220,608
37171931200,"Surry",3711,405,1136
37173940100,"Swain",4831,711,1865
37173960200,"Swain",3043,381,1038
37173960301,"Swain",3296,426,1121
37173960302,"Swain",2811,397,1032
37175960100,"Transylvania",4324,498,1324
37175960200,"Transylvania",4635,631,1437
37175960300,"Transylvania",7519,828,1955
37175960401,"Transylvania",4127,446,1094
37175960402,"Transylvania",4269,555,1145
37175960500,"Transylvania",5710,680,1736
37175960600,"Transylvania",2506,296,737
37177960100,"Tyrrell",4407,648,1754
37179020100,"Union",6266,558,2006
37179020202,"Union",6510,599,2110
37179020203,"Union",3795,312,1143
37179020204,"Union",3849,362,1236
37179020305,"Union",4656,322,1411
37179020306,"Union",6683,582,2373
37179020307,"Union",6693,523,2176
37179020308,"Union",5100,373,1612
37179020309,"Union",2347,184,702
37179020310,"Union",5248,357,1538
37179020311,"Union",6048,496,1851
37179020312,"Union",4279,390,1477
37179020313,"Union",2222,205,712
37179020314,"Union",4703,367,1449
37179020315,"Union",4880,357,1445
37179020316,"Union",4357,340,1373
37179020317,"Union",5353,365,1660
37179020401,"Union",5960,579,1926
37179020403,"Union",4435,413,1513
37179020404,"Union",6658,826,2657
37179020501,"Union",4883,572,1856
37179020502,"Union",3912,415,1370
37179020601,"Union",5151,644,2020
37179020602,"Union",4688,718,1805
37179020701,"Union",5383,490,1874
37179020702,"Union",4026,476,1470
37179020800,"Union",5232,644,1894
37179020901,"Union",5124,533,1732
37179020902,"Union",5929,587,1975
37179021004,"Union",4369,298,1316
37179021005,"Union",4630,459,1538
37179021006,"Union",5206,313,1474
37179021007,"Union",5967,370,1665
37179021008,"Union",6833,410,1907
37179021009,"Union",2460,151,721
37179021010,"Union",6470,486,1832
37179021011,"Union",6058,382,1739
37179021012,"Union",3581,233,1046
37179021013,"Union",4087,274,1243
37179021014,"Union",2703,255,898
37179021015,"Union",4558,447,1413
37181960100,"Vance",4227,651,1670
37181960200,"Vance",4170,651,1681
37181960300,"Vance",5151,691,1922
37181960400,"Vance",3960,535,1327
37181960500,"Vance",5107,961,2166
37181960600,"Vance",1566,245,668
37181960700,"Vance",4136,865,1994
37181960800,"Vance",2306,422,1041
37181960900,"Vance",8484,1095,3360
37181961000,"Vance",6315,777,2381
37183050100,"Wake",2823,212,842
37183050300,"Wake",2488,190,677
37183050400,"Wake",1737,117,469
37183050500,"Wake",3533,290,1078
37183050600,"Wake",3817,394,1378
37183050700,"Wake",3139,534,1316
37183050800,"Wake",4340,591,1888
37183050900,"Wake",3555,420,1398
37183051000,"Wake",1798,99,499
37183051101,"Wake",4696,193,1245
37183051102,"Wake",4255,205,1281
37183051200,"Wake",3476,181,849
37183051400,"Wake",5364,290,1277
37183051501,"Wake",3212,235,746
37183051502,"Wake",2454,155,545
37183051600,"Wake",4523,313,1091
37183051700,"Wake",3215,219,772
37183051800,"Wake",4302,241,1059
37183051900,"Wake",4847,626,1789
37183052001,"Wake",4261,606,1777
37183052002,"Wake",4907,962,2125
37183052101,"Wake",7468,1128,2958
37183052102,"Wake",5555,706,2239
37183052301,"Wake",6024,217,1482
37183052302,"Wake",7874,441,2103
37183052401,"Wake",3205,119,750
37183052404,"Wake",4177,314,1141
37183052406,"Wake",6413,411,1912
37183052407,"Wake",3831,238,1050
37183052408,"Wake",2923,208,950
37183052409,"Wake",4196,152,1012
37183052503,"Wake",6396,448,1619
37183052504,"Wake",5439,446,1442
37183052505,"Wake",4638,316,1271
37183052506,"Wake",2018,178,493
37183052507,"Wake",2803,233,827
37183052601,"Wake",3054,226,755
37183052602,"Wake",3723,373,983
37183052603,"Wake",2790,187,684
37183052701,"Wake",5702,559,1876
37183052704,"Wake",6673,755,2663
37183052705,"Wake",3799,407,1209
37183052706,"Wake",4439,484,1550
37183052707,"Wake",6417,713,2144
37183052801,"Wake",6120,600,1824
37183052802,"Wake",5704,622,1923
37183052803,"Wake",9464,1155,3691
37183052806,"Wake",13750,1444,5390
37183052807,"Wake",4388,373,1427
37183052808,"Wake",9146,888,2918
37183052809,"Wake",2594,273,885
37183052901,"Wake",2871,236,868
37183052902,"Wake",5508,447,1614
37183052903,"Wake",2914,231,837
37183052904,"Wake",7260,618,2273
37183053003,"Wake",5465,290,1296
37183053004,"Wake",2611,220,645
37183053005,"Wake",4980,364,1260
37183053006,"Wake",3143,224,824
37183053007,"Wake",2866,221,720
37183053008,"Wake",7799,515,2059
37183053009,"Wake",7235,673,2294
37183053105,"Wake",3526,321,1076
37183053106,"Wake",2895,328,927
37183053107,"Wake",8267,745,2547
37183053108,"Wake",6473,518,1955
37183053109,"Wake",7887,600,2272
37183053110,"Wake",5523,448,1685
37183053111,"Wake",5312,410,1552
37183053201,"Wake",10377,654,2844
37183053202,"Wake",4234,301,1139
37183053203,"Wake",6736,384,1839
37183053204,"Wake",4383,329,1342
37183053205,"Wake",1707,127,494
37183053206,"Wake",4397,308,1293
37183053207,"Wake",6663,420,1873
37183053405,"Wake",4603,350,1183
37183053408,"Wake",3885,234,937
37183053409,"Wake",6677,388,1636
37183053410,"Wake",4567,252,1028
37183053411,"Wake",6355,350,1551
37183053412,"Wake",6046,351,1518
37183053413,"Wake",4853,335,1287
37183053414,"Wake",8709,532,2404
37183053415,"Wake",3085,216,824
37183053416,"Wake",5267,332,1380
37183053417,"Wake",2439,186,696
37183053418,"Wake",5350,359,1424
37183053419,"Wake",2758,177,723
37183053420,"Wake",6018,422,1764
37183053421,"Wake",4946,337,1316
37183053422,"Wake",2456,150,614
37183053423,"Wake",2167,133,557
37183053424,"Wake",4528,322,1092
37183053425,"Wake",2772,175,621
37183053505,"Wake",3610,289,939
37183053506,"Wake",5479,483,1370
37183053507,"Wake",3603,390,1002
37183053509,"Wake",4896,382,1205
37183053512,"Wake",6392,365,1586
37183053513,"Wake",3963,302,1185
37183053516,"Wake",3490,266,1020
37183053517,"Wake",4672,440,1594
37183053518,"Wake",3653,278,987
37183053519,"Wake",4201,345,1278
37183053520,"Wake",5230,340,1481
37183053521,"Wake",3079,247,764
37183053522,"Wake",4825,251,1125
37183053523,"Wake",5560,379,1446
37183053524,"Wake",3217,203,805
37183053525,"Wake",2413,143,625
37183053601,"Wake",5351,231,1237
37183053602,"Wake",5009,291,1138
37183053603,"Wake",3728,250,843
37183053604,"Wake",4071,281,937
37183053605,"Wake",1829,140,460
37183053606,"Wake",2595,164,673
37183053607,"Wake",7322,418,1685
37183053608,"Wake",2514,131,566
37183053609,"Wake",746,53,219
37183053610,"Wake",8620,475,2224
37183053707,"Wake",6313,487,1793
37183053709,"Wake",6938,320,1832
37183053711,"Wake",5481,346,1393
37183053712,"Wake",2661,189,703
37183053713,"Wake",3588,180,987
37183053714,"Wake",4664,336,1246
37183053715,"Wake",3543,263,946
37183053716,"Wake",4137,303,1184
37183053717,"Wake",2782,134,727
37183053718,"Wake",3255,202,896
37183053719,"Wake",3790,201,975
37183053720,"Wake",4376,302,1147
37183053721,"Wake",3441,259,861
37183053722,"Wake",4961,422,1221
37183053723,"Wake",2872,285,779
37183053724,"Wake",5875,288,1463
37183053725,"Wake",5088,285,1359
37183053726,"Wake",3175,191,921
37183053803,"Wake",3737,262,972
37183053804,"Wake",3318,253,926
37183053805,"Wake",2060,159,540
37183053806,"Wake",3414,267,888
37183053807,"Wake",4028,303,1016
37183053808,"Wake",5449,420,1401
37183053900,"Wake",7605,601,2176
37183054001,"Wake",5518,486,1656
37183054004,"Wake",5123,492,1568
37183054006,"Wake",3467,330,1058
37183054007,"Wake",3673,280,1047
37183054008,"Wake",6256,570,2315
37183054011,"Wake",2850,217,741
37183054012,"Wake",3517,292,897
37183054013,"Wake",12070,797,3308
37183054014,"Wake",12342,1025,3999
37183054015,"Wake",2169,222,714
37183054016,"Wake",6083,408,1667
37183054017,"Wake",2912,204,842
37183054018,"Wake",2553,195,881
37183054104,"Wake",10699,921,3553
37183054105,"Wake",11713,938,3573
37183054106,"Wake",6953,689,2524
37183054108,"Wake",6531,621,2306
37183054109,"Wake",3186,281,985
37183054110,"Wake",8345,610,2604
37183054111,"Wake",2021,205,678
37183054112,"Wake",2931,279,988
37183054113,"Wake",2285,215,757
37183054114,"Wake",4737,417,1516
37183054115,"Wake",7742,651,2501
37183054203,"Wake",3447,259,935
37183054204,"Wake",4331,295,1222
37183054205,"Wake",4796,451,1497
37183054206,"Wake",4917,335,1367
37183054207,"Wake",8745,595,2344
37183054208,"Wake",6134,461,1736
37183054209,"Wake",8665,607,2522
37183054210,"Wake",7891,655,2368
37183054211,"Wake",8835,619,2457
37183054301,"Wake",5648,605,1819
37183054302,"Wake",6564,919,2462
37183054402,"Wake",5408,536,1753
37183054403,"Wake",3886,381,1283
37183054404,"Wake",5660,550,1840
37183054500,"Wake",7761,676,2608
37185950101,"Warren",2210,321,783
37185950102,"Warren",1352,192,482
37185950103,"Warren",2597,463,1122
37185950200,"Warren",6676,1015,2811
37185950300,"Warren",4414,941,2022
37185950400,"Warren",3723,630,1620
37187950100,"Washington",5069,888,2180
37187950200,"Washington",6623,1067,2776
37187950300,"Washington",1536,209,587
37189920100,"Watauga",4586,459,1413
37189920200,"Watauga",4044,470,1323
37189920300,"Watauga",2415,203,674
37189920400,"Watauga",8428,599,2343
37189920500,"Watauga",6660,187,1579
37189920601,"Watauga",5280,344,1447
37189920602,"Watauga",1392,122,392
37189920701,"Watauga",2158,188,635
37189920702,"Watauga",2928,252,823
37189920703,"Watauga",5742,506,1591
37189920800,"Watauga",2655,258,715
37189920900,"Watauga",4404,401,1286
37189921000,"Watauga",387,38,109
37191000101,"Wayne",7215,765,2677
37191000102,"Wayne",6586,560,2213
37191000200,"Wayne",3282,414,1218
37191000302,"Wayne",6162,826,2447
37191000303,"Wayne",6326,652,2347
37191000304,"Wayne",5198,614,1971
37191000401,"Wayne",5253,620,1928
37191000402,"Wayne",4448,561,1757
37191000500,"Wayne",2325,59,707
37191000601,"Wayne",4916,866,2296
37191000602,"Wayne",8980,1231,3862
37191000700,"Wayne",2599,463,1149
37191000800,"Wayne",2521,308,885
37191000901,"Wayne",5024,583,1915
37191000902,"Wayne",5665,884,2414
37191001000,"Wayne",4230,466,1498
37191001101,"Wayne",7820,782,2925
37191001102,"Wayne",3329,347,1159
37191001200,"Wayne",3641,568,1377
37191001301,"Wayne",6122,656,2137
37191001302,"Wayne",3334,414,1191
37191001400,"Wayne",6685,1224,3035
37191001500,"Wayne",2587,562,1273
37191001800,"Wayne",2822,571,1414
37191001900,"Wayne",4460,901,2106
37191002000,"Wayne",1093,240,545
37193960100,"Wilkes",7044,726,2494
37193960200,"Wilkes",3836,453,1489
37193960300,"Wilkes",6358,852,2645
37193960400,"Wilkes",7425,862,2837
37193960500,"Wilkes",3286,464,1351
37193960600,"Wilkes",2431,341,985
37193960700,"Wilkes",3525,508,1400
37193960801,"Wilkes",4307,496,1702
37193960802,"Wilkes",4453,535,1719
37193960900,"Wilkes",5144,690,2038
37193961001,"Wilkes",5140,571,1892
37193961002,"Wilkes",5241,561,1845
37193961100,"Wilkes",3979,502,1520
37193961200,"Wilkes",7171,804,2647
37195000100,"Wilson",3730,564,1690
37195000200,"Wilson",1301,289,730
37195000300,"Wilson",2366,486,1212
37195000400,"Wilson",8028,1197,3268
37195000501,"Wilson",3574,376,1137
37195000502,"Wilson",5151,557,1870
37195000600,"Wilson",7282,969,2964
37195000700,"Wilson",5755,1255,2901
37195000801,"Wilson",1862,485,1010
37195000802,"Wilson",3672,757,1862
37195000900,"Wilson",3716,435,1409
37195001000,"Wilson",1753,241,710
37195001100,"Wilson",1665,267,706
37195001200,"Wilson",4021,608,1709
37195001300,"Wilson",5587,744,2219
37195001400,"Wilson",8885,809,3146
37195001500,"Wilson",5495,605,2078
37195001600,"Wilson",3108,386,1219
37195001700,"Wilson",4283,536,1697
37197050101,"Yadkin",5600,616,1882
37197050102,"Yadkin",4066,460,1371
37197050200,"Yadkin",4528,548,1535
37197050300,"Yadkin",5964,806,2130
37197050400,"Yadkin",6729,801,2329
37197050501,"Yadkin",7130,799,2318
37197050502,"Yadkin",4389,492,1431
37199960101,"Yancey",3954,471,1345
37199960102,"Yancey",1917,269,727
37199960200,"Yancey",4624,569,1563
37199960300,"Yancey",3019,402,1054
37199960400,"Yancey",4304,470,1417
