"sim","N","beta0","beta1","muU","sigmaU","q","tau","avg_prev","beta0_gs","se_beta0_gs","beta1_gs","se_beta1_gs","beta0_n","se_beta0_n","beta1_n","se_beta1_n","beta0_cc","se_beta0_cc","beta1_cc","se_beta1_cc","beta0_imp","se_beta0_imp","beta1_imp","se_beta1_imp"
"11426-1",2168,-2.2,0.00995033085316809,-0.7,0.8,0.1,0.264575131106459,0.114535734198776,-2.19934761018544,0.00391262059675486,0.010015254195599,0.00108478063957321,-2.19354225081901,0.00352862657042738,0.0104188105031369,0.00115107473902206,-2.20508059379897,0.0122982564316465,0.0123935467550865,0.00364388370065506,-2.19946570508896,0.00484281752103936,0.00989225089875371,0.0015775722845933
"11426-2",2168,-2.2,0.00995033085316809,-0.7,0.8,0.1,0.264575131106459,0.114210187408221,-2.19997765796975,0.00377158417069258,0.00912343340405668,0.00109330906751408,-2.19520236847011,0.00336819307137189,0.00978394183403591,0.00116393351168094,-2.19284303894309,0.0142846029303929,0.0102008277058778,0.00442026658001224,-2.19876822181544,0.00442204122380777,0.00863919060224979,0.00141253271406956
"11426-3",2168,-2.2,0.00995033085316809,-0.7,0.8,0.1,0.264575131106459,0.115398398606185,-2.19335303806083,0.00388488199481897,0.0103758127964277,0.00106494115954777,-2.18818391088853,0.00350848746903248,0.0112638993217883,0.00113673622190804,-2.1778692698374,0.0115091817449318,0.00545097283403522,0.00305813273127661,-2.1935662945429,0.00451857118044188,0.010610526550643,0.0013767329999506
"11426-4",2168,-2.2,0.00995033085316809,-0.7,0.8,0.1,0.264575131106459,0.11443286556884,-2.20100884827849,0.0040578769649236,0.0100411507538279,0.00110058814672701,-2.19617396602058,0.00367445717965977,0.0111075415516835,0.00119571350515468,-2.23717608693588,0.0123854167306711,0.0156495201137183,0.00359276617836962,-2.2005198918466,0.00487974014693023,0.00993064527710066,0.00154277049745984
"11426-5",2168,-2.2,0.00995033085316809,-0.7,0.8,0.1,0.264575131106459,0.114507344104771,-2.19946747590818,0.00382142696487559,0.0102326028410548,0.0011361452682035,-2.19310180622276,0.00341475455365198,0.0104327890526685,0.0012138519647827,-2.18321621315312,0.0132351234584268,0.00157588003981566,0.00396532336246521,-2.19625143765946,0.00429447420497265,0.008974672926514,0.00141005328791652
"11426-6",2168,-2.2,0.00995033085316809,-0.7,0.8,0.1,0.264575131106459,0.114571204299954,-2.19932966853761,0.00387630323727659,0.0104372790163645,0.00114340712827996,-2.1937097849817,0.00345070683980249,0.0113074755309457,0.00123092212454735,-2.18657839743499,0.0123976401189532,0.0101048816789555,0.00355764869903525,-2.19828572616568,0.00455169742816276,0.0100213798092854,0.00150568750085322
"11426-7",2168,-2.2,0.00995033085316809,-0.7,0.8,0.1,0.264575131106459,0.114434338388767,-2.19782133030355,0.00406263737480339,0.00892546170450785,0.00109746336121953,-2.19198259382674,0.003706305032586,0.00897038711090444,0.00118128025314707,-2.20584619867166,0.012711934853297,0.0116173407687648,0.00345654623991041,-2.19922433950673,0.0048379646103665,0.00928287927086435,0.0015277742182969
"11426-8",2168,-2.2,0.00995033085316809,-0.7,0.8,0.1,0.264575131106459,0.114622415799034,-2.19955030225229,0.00400830051996553,0.0100368838854195,0.0011692575194261,-2.19477189616103,0.00357186198804395,0.0111406746480965,0.00126710977601028,-2.20496394284208,0.0144800563159733,0.0112518397133615,0.0035403604323519,-2.19998289965706,0.00456564290134211,0.0104189714989603,0.00147562277448517
"11426-9",2168,-2.2,0.00995033085316809,-0.7,0.8,0.1,0.264575131106459,0.114304929470247,-2.20104103509548,0.00395635945804386,0.00981202849740478,0.00107899942854066,-2.19391615609537,0.00357628943285471,0.00957702407419298,0.00115312183648788,-2.2146433022918,0.0125499071114645,0.0181151384540587,0.00385935571876823,-2.20192197965913,0.00477377932171699,0.0100581479405179,0.00150398631533197
"11426-10",2168,-2.2,0.00995033085316809,-0.7,0.8,0.1,0.264575131106459,0.114432182508951,-2.20285694478396,0.00396136586943068,0.0109394005050853,0.00107477075427377,-2.19720918131913,0.00360528542619701,0.0117569361642328,0.00115672275756552,-2.19772108551863,0.0125783779748924,0.0125268408925546,0.00346565858157252,-2.20459740971609,0.00472592088739565,0.0117684638654214,0.00150164473828637
"11426-11",2168,-2.2,0.00995033085316809,-0.7,0.8,0.1,0.264575131106459,0.113838294751326,-2.21080198989233,0.00382722759492718,0.0122875206280157,0.00109851634608573,-2.20363391095942,0.00344589063399619,0.0128754585656227,0.00118851222794203,-2.19168688167017,0.0118150012896302,0.00984400214078712,0.00367315007730924,-2.20742346289485,0.00531490806540398,0.0110137161999297,0.00183519156151276
"11426-12",2168,-2.2,0.00995033085316809,-0.7,0.8,0.1,0.264575131106459,0.114570638686907,-2.19378570627777,0.00388721416995652,0.00757813366822008,0.00106879198210091,-2.18829092552884,0.00349071865816121,0.00743464747862096,0.0011459412607757,-2.18829145368626,0.0121638215298025,0.00954530724903704,0.00335617619555257,-2.19213600985567,0.00438520222241072,0.00702589105160037,0.00133464591562388
"11426-13",2168,-2.2,0.00995033085316809,-0.7,0.8,0.1,0.264575131106459,0.114892800678216,-2.19874183810751,0.00398444163709492,0.0109255896088,0.00105906202215209,-2.19156720795897,0.00362850378816933,0.0109931491470087,0.00112938062611904,-2.18190424949058,0.0126125713277501,0.0102663311864107,0.00369095216625886,-2.19841761893399,0.00451516597959013,0.0108036281983604,0.00133701632728676
"11426-14",2168,-2.2,0.00995033085316809,-0.7,0.8,0.1,0.264575131106459,0.114379249640186,-2.19979905712959,0.00424576466700659,0.0095333292202151,0.00113941592417163,-2.19434711267366,0.00387702403016449,0.010016809628954,0.00122749586667202,-2.19089421741177,0.0126349154999887,0.00743396421152413,0.00363566892810847,-2.19948218824672,0.00514615556560852,0.00953925642541025,0.00161274428732697
"11426-15",2168,-2.2,0.00995033085316809,-0.7,0.8,0.1,0.264575131106459,0.114137389025108,-2.20259578233594,0.00380245814891027,0.0101171011126228,0.00109778271004452,-2.19714957020479,0.00341985738909723,0.0107417372326241,0.00116947850257197,-2.2293977285692,0.0118768560439618,0.0171871981318941,0.00338915442323567,-2.20344726301069,0.00443902280687781,0.0105916913937469,0.00141599721618329
"11426-16",2168,-2.2,0.00995033085316809,-0.7,0.8,0.1,0.264575131106459,0.114576546910281,-2.19786937574378,0.00399510420655821,0.00937961564337571,0.00110963850289339,-2.19188525886272,0.0035888827304512,0.00952342324357505,0.00117827492612379,-2.18743211745861,0.0129742894896464,0.00805461097266005,0.0031466416333002,-2.19744215062913,0.00500548416407341,0.00927856983179494,0.00162543956291062
"11426-17",2168,-2.2,0.00995033085316809,-0.7,0.8,0.1,0.264575131106459,0.114156825988665,-2.20568634498189,0.00393432599532589,0.0111174489764479,0.00106870948432312,-2.19953462315179,0.00355072587542249,0.0118954561371158,0.00114062966683635,-2.21683154764739,0.0124048488366792,0.0197403324948893,0.00378468239033696,-2.20459154714474,0.00476827939578754,0.010450626649895,0.00145017832677226
"11426-18",2168,-2.2,0.00995033085316809,-0.7,0.8,0.1,0.264575131106459,0.114740806383188,-2.1999284668243,0.0041005434306791,0.010758297824735,0.00113731002513208,-2.19335267716149,0.0037301187229322,0.0109999257981628,0.00122797080936667,-2.20433036410263,0.0120051126650805,0.0133838221989825,0.00329163618588349,-2.19843542294981,0.0050395485743445,0.0101657818596933,0.00158811820209155
"11426-19",2168,-2.2,0.00995033085316809,-0.7,0.8,0.1,0.264575131106459,0.114363121837186,-2.20479653976363,0.00377057255699978,0.0111381642710492,0.00105909502336859,-2.19814895111441,0.00336515125555972,0.011719558562402,0.00113792118639193,-2.18350901049462,0.0117697597867093,0.00446446394408923,0.00301853701479588,-2.20813773426165,0.00479475573043155,0.0123485473898864,0.00149725581855312
"11426-20",2168,-2.2,0.00995033085316809,-0.7,0.8,0.1,0.264575131106459,0.114480007557426,-2.20038905199333,0.00399700653905768,0.0105827328269672,0.00111053512427391,-2.19364529878756,0.00363950880798771,0.0107794694794549,0.00120580040310198,-2.20825695476456,0.0108421185406824,0.0108995769911088,0.00293492755158075,-2.20133919967132,0.00452864185856496,0.0109869681100812,0.00138979709235087
"11426-21",2168,-2.2,0.00995033085316809,-0.7,0.8,0.1,0.264575131106459,0.114921477518501,-2.19540562816404,0.0041490918333017,0.0095948234556771,0.00113199370996971,-2.18998000099054,0.00376781550585963,0.0101648886887325,0.00122442912787789,-2.21027669036183,0.0133353185785952,0.0111274266751263,0.00368681264121107,-2.19742395641045,0.00465818380122163,0.0103571374608751,0.00140249997812732
"11426-22",2168,-2.2,0.00995033085316809,-0.7,0.8,0.1,0.264575131106459,0.11398578609608,-2.20242532255259,0.00401132080132393,0.00916237174117023,0.00113912475456789,-2.19648063068247,0.00361284183917777,0.00931143552982234,0.00123513603279081,-2.20323309849412,0.0123828565565856,0.00331559978083867,0.00367216689110437,-2.20173389594726,0.00499144003915811,0.0088144223070399,0.00159586536365993
"11426-23",2168,-2.2,0.00995033085316809,-0.7,0.8,0.1,0.264575131106459,0.115075323186774,-2.19672298767251,0.00388993091120977,0.0101225679221189,0.00101605379000022,-2.1901563274353,0.00354396721835764,0.0102293913896985,0.00108717215810325,-2.19333153474868,0.0125467985071948,0.0101579391079749,0.00305816118608241,-2.19848098861991,0.00492502343826474,0.0105613152209608,0.00145360141922893
"11426-24",2168,-2.2,0.00995033085316809,-0.7,0.8,0.1,0.264575131106459,0.114361154413037,-2.19886304924099,0.00396076970735608,0.00897055837064405,0.00109817456182834,-2.19416622978698,0.00358250094926819,0.00958015827104398,0.0011701505342031,-2.20349385927452,0.0121829777073105,0.0115967278925056,0.00297264610774846,-2.2005250385458,0.00455403297066862,0.00978801148864808,0.00142592186601172
"11426-25",2168,-2.2,0.00995033085316809,-0.7,0.8,0.1,0.264575131106459,0.114281262443323,-2.20127603237554,0.00388552839472513,0.00989246762910506,0.00112681984532738,-2.19576871529889,0.0034956369875885,0.0104247214265502,0.00121342710939316,-2.20398536546482,0.0132572947478418,0.0096584318843639,0.00401981257391258,-2.20262596616105,0.00466109803407898,0.0106136602014343,0.00156798441824661
"11426-26",2168,-2.2,0.00995033085316809,-0.7,0.8,0.1,0.264575131106459,0.114143035086766,-2.20270116670974,0.0038225347819921,0.0100100724464401,0.00114382264972068,-2.19734278028663,0.00340356116581234,0.0107691346397673,0.00124083363543114,-2.21799920370744,0.0133777554752773,0.0152261341588736,0.00394434771763036,-2.20486951022326,0.00510287487461872,0.010790445045613,0.00169746591627982
"11426-27",2168,-2.2,0.00995033085316809,-0.7,0.8,0.1,0.264575131106459,0.115284059429264,-2.18898106709164,0.00405414537447413,0.0086568858130914,0.00114812703811899,-2.18347424647825,0.00366911714952289,0.00870981072846953,0.00122495010249569,-2.20168998673361,0.012437666951167,0.0148979724041033,0.0038571536282481,-2.18541788110688,0.00457078754102597,0.00721230343736026,0.00143265152520298
"11426-28",2168,-2.2,0.00995033085316809,-0.7,0.8,0.1,0.264575131106459,0.114018197640742,-2.20406582583074,0.00384582258085244,0.0104032300254545,0.00113732752564046,-2.1971694115835,0.00345116828956192,0.0103187888880797,0.00121804689624887,-2.16929123080596,0.0133194191989114,-0.00401554358373568,0.00454443855725964,-2.20355958776141,0.00467684443967332,0.00989769367369709,0.00151656161325906
"11426-29",2168,-2.2,0.00995033085316809,-0.7,0.8,0.1,0.264575131106459,0.114860627778373,-2.19040960699656,0.00396300311023934,0.00786700083059257,0.00115036078469707,-2.18600239937989,0.00355261428721484,0.00832597666874683,0.00123188555189866,-2.1629213755807,0.0124872611543856,0.00450028089370929,0.00382128048907328,-2.19245317122586,0.00462239771641328,0.00855738705986197,0.00149491045053087
"11426-30",2168,-2.2,0.00995033085316809,-0.7,0.8,0.1,0.264575131106459,0.114814114823117,-2.20353233518731,0.00384264943298268,0.01243163747725,0.00108126559185731,-2.19626128671288,0.00346733096146345,0.0128457199766478,0.00115535844972551,-2.21093081202955,0.0112834619137182,0.0149872361684842,0.00328900925977468,-2.20516435394975,0.00514195495504671,0.0130767782781949,0.00169698479945774
"11426-31",2168,-2.2,0.00995033085316809,-0.7,0.8,0.1,0.264575131106459,0.114604476761128,-2.19194351369036,0.00378002184209659,0.00756384134302969,0.00104412141905869,-2.18718340436648,0.00342505949741117,0.00767505928977977,0.00111613428241919,-2.15015242449973,0.013097611571127,-0.000572005578786725,0.00369926949843824,-2.19074064519695,0.00493530933574312,0.00712186444444361,0.0016006242011595
"11426-32",2168,-2.2,0.00995033085316809,-0.7,0.8,0.1,0.264575131106459,0.114265255163942,-2.20014970011438,0.0038809557496473,0.00939968985465303,0.00110278340388232,-2.19407075870194,0.00348835407101145,0.00956025360095159,0.00119102322861571,-2.19923364035966,0.0130932174947188,0.0100006261113168,0.00395531795935793,-2.20114273115028,0.00469462839003455,0.00976341369569501,0.00149799656959153
"11426-33",2168,-2.2,0.00995033085316809,-0.7,0.8,0.1,0.264575131106459,0.114368814637167,-2.20003390975283,0.00397322997256942,0.00948452126163419,0.00110624958438466,-2.19403976654449,0.00360723885796204,0.00960153466904325,0.00118191821906395,-2.17819168436789,0.0122839954283581,0.00329969284067245,0.0038013933230327,-2.19942112384784,0.00465356840048101,0.00930508212654334,0.00146909908290012
"11426-34",2168,-2.2,0.00995033085316809,-0.7,0.8,0.1,0.264575131106459,0.113756645120994,-2.2084456780611,0.00389610524432039,0.0109984628245491,0.00110571524489148,-2.2012947300706,0.00350579894288138,0.0112035422002841,0.00119405634715747,-2.21036002521767,0.0114312732085098,0.00905887087434545,0.00318409114236917,-2.20754602128882,0.00496563664069177,0.0107232504118056,0.00165816214399892
"11426-35",2168,-2.2,0.00995033085316809,-0.7,0.8,0.1,0.264575131106459,0.11464193547352,-2.19914146612814,0.00393902599793324,0.0101704787099007,0.00111819229416949,-2.1938040614233,0.00355183828218699,0.01085931599669,0.00120007286276258,-2.19352076369632,0.013528796186976,0.00997021506522667,0.00383255449740293,-2.19719951455087,0.00446230260510057,0.00935256872666076,0.00141420868157814
"11426-36",2168,-2.2,0.00995033085316809,-0.7,0.8,0.1,0.264575131106459,0.115106335380154,-2.20112410301476,0.00404149741847101,0.0120198395191989,0.00108825194714475,-2.1936014731892,0.00364734347579524,0.0123928708980419,0.00116401774516824,-2.19969083102931,0.0116104331999436,0.0134921128077775,0.00301307582348688,-2.19794966793354,0.00453184010141511,0.0109958776113073,0.00137405771224535
"11426-37",2168,-2.2,0.00995033085316809,-0.7,0.8,0.1,0.264575131106459,0.114245917305004,-2.19705204546455,0.00387520853180585,0.0083191206640571,0.00109350464036516,-2.19216682974758,0.0035078730376454,0.00865100829955672,0.00117458379101754,-2.19909221485344,0.0111494623592654,0.0083339379802051,0.00320191224757147,-2.19909346535188,0.00427068513156665,0.00900731254123669,0.00130341843167657
"11426-38",2168,-2.2,0.00995033085316809,-0.7,0.8,0.1,0.264575131106459,0.114559647300621,-2.20212052283171,0.00409321196258287,0.0110747808288494,0.00109644323331949,-2.19507456211134,0.00372220168334471,0.0112433126108896,0.00117450090607898,-2.19664432939333,0.0124099216675146,0.014975863381516,0.00365069068237252,-2.20271565132657,0.00503936352448339,0.0111300560633745,0.00159041640324889
"11426-39",2168,-2.2,0.00995033085316809,-0.7,0.8,0.1,0.264575131106459,0.114122264099559,-2.20657208447636,0.00399603079050466,0.0113429345165412,0.00114837328021351,-2.199980359974,0.00356462305683188,0.0119750768893213,0.00123190128557297,-2.19267973137956,0.0125872772164566,0.00785830536733141,0.00347250095113904,-2.20727704524555,0.0049650494776639,0.0118862958339761,0.00166054452836386
"11426-40",2168,-2.2,0.00995033085316809,-0.7,0.8,0.1,0.264575131106459,0.114598671554987,-2.19753460307033,0.00394016938366876,0.00962605716350277,0.00112076207420694,-2.19194842924589,0.00353853958853137,0.0101247178239023,0.00120539254817752,-2.2111774799624,0.0116245661423631,0.0116183465241384,0.00320617707338029,-2.20072854073285,0.00541025442685868,0.0108139141544571,0.00184636517673205
"11426-41",2168,-2.2,0.00995033085316809,-0.7,0.8,0.1,0.264575131106459,0.114537896704165,-2.19470848762233,0.0039240596025894,0.00806444428672524,0.00111593717533424,-2.19052630630341,0.00352029498591405,0.00877632448826851,0.001202590051737,-2.19889633534706,0.013135942723373,0.00931950329041013,0.00412835626915621,-2.1949654538142,0.00479188521775348,0.00808603170064377,0.00155030107131437
"11426-42",2168,-2.2,0.00995033085316809,-0.7,0.8,0.1,0.264575131106459,0.114158822826113,-2.20469962850073,0.00388404949710457,0.010953826653305,0.00107590179749075,-2.19819692564524,0.00351571142602901,0.0113798821814994,0.00115693121518134,-2.19298408641461,0.0118671925287064,0.0113133096077298,0.00347754717216454,-2.20822431983887,0.00446775392823463,0.0122756549790774,0.00137978136641798
"11426-43",2168,-2.2,0.00995033085316809,-0.7,0.8,0.1,0.264575131106459,0.114979025058207,-2.1993141143258,0.00393311881078417,0.011593006223711,0.00114256830273362,-2.19221187416131,0.00353077218362513,0.0119857394158861,0.00123731999544667,-2.17968318310195,0.0122430139877686,0.00960593319386697,0.00275916791839165,-2.19977569113036,0.00498543486241508,0.0117796690663933,0.00166117444776287
"11426-44",2168,-2.2,0.00995033085316809,-0.7,0.8,0.1,0.264575131106459,0.114253780096711,-2.20138938302108,0.00414386187400003,0.00976010912027389,0.00118647806301003,-2.195656533682,0.00373651875891823,0.010192517819022,0.00127852276701805,-2.21684207095507,0.0120820653076459,0.0103498663557634,0.00356928063767163,-2.20113792393936,0.00481182270288115,0.00970448744105839,0.00158620980494443
"11426-45",2168,-2.2,0.00995033085316809,-0.7,0.8,0.1,0.264575131106459,0.114023053516974,-2.20533212276781,0.00398346586532074,0.0106695369715832,0.00114590550148971,-2.19932701945922,0.00358460169076954,0.0112872452867658,0.00123785095107337,-2.20731215903382,0.0118897851996129,0.0107905392219124,0.00346535997288453,-2.20485521933072,0.00458248966198665,0.0107703841565215,0.00149825462611633
"11426-46",2168,-2.2,0.00995033085316809,-0.7,0.8,0.1,0.264575131106459,0.114236538137339,-2.19803117184678,0.00397216834602648,0.00860301057686555,0.00111761886945603,-2.19375241617464,0.00358580650407323,0.00936733316871944,0.00119300808467666,-2.19071727965459,0.0126853695833894,0.00822760433777962,0.00337160415237234,-2.19693097729414,0.00463152385547911,0.00798325494727562,0.00143977148781082
"11426-47",2168,-2.2,0.00995033085316809,-0.7,0.8,0.1,0.264575131106459,0.1138291763318,-2.20497953128038,0.00402003779650985,0.0095528980377664,0.00112718575092101,-2.19986294175987,0.00360501461150049,0.0102639520153826,0.00120434662411249,-2.21814300054367,0.0129844827756083,0.00994500135832816,0.00335595552004319,-2.20519158557665,0.00526190747775502,0.0094758218116996,0.0016656789858085
"11426-48",2168,-2.2,0.00995033085316809,-0.7,0.8,0.1,0.264575131106459,0.11453304353052,-2.20182536831299,0.00405852039673995,0.0104296338923554,0.00108386565393023,-2.1946195447641,0.00368830602329874,0.0102640155302927,0.00115606291197793,-2.18581591662259,0.0124128041331442,0.00714682019001018,0.00320586768434344,-2.20111432781321,0.00465781573625267,0.0101445439367184,0.00139152485483334
"11426-49",2168,-2.2,0.00995033085316809,-0.7,0.8,0.1,0.264575131106459,0.115182808121422,-2.19245209213782,0.00400214375662308,0.00975101930412886,0.00114687383497113,-2.18620923634159,0.00362338093886877,0.0098295960337251,0.00123404084495731,-2.19028364836373,0.0143341155323523,0.00596750803396772,0.00382668226112476,-2.19125474154742,0.00496260711954969,0.009152521955605,0.00166870455738166
"11426-50",2168,-2.2,0.00995033085316809,-0.7,0.8,0.1,0.264575131106459,0.11474682888094,-2.19952470557983,0.00391346757028862,0.0110647040296007,0.00115909082709713,-2.19397507883414,0.00348440442439572,0.0121039084862521,0.00124314613715778,-2.20556482476268,0.0129916855640056,0.012648616234299,0.0038729476313092,-2.20053064650019,0.00479706015039185,0.0113893907427041,0.00158782154224168
"11426-51",2168,-2.2,0.00995033085316809,-0.7,0.8,0.1,0.264575131106459,0.114438581300058,-2.19779391955046,0.00391367453625117,0.00895258965137822,0.00111223880571988,-2.19116656149678,0.00351237026395866,0.00868497784380883,0.00120139317477738,-2.20709613809154,0.0126081441998871,0.0100357364304173,0.00346900316597779,-2.19689031780728,0.00476508641402884,0.00846134668942668,0.00151860541313107
"11426-52",2168,-2.2,0.00995033085316809,-0.7,0.8,0.1,0.264575131106459,0.114368281935972,-2.20223241704803,0.00408674900317509,0.0104886290765356,0.00115726635519615,-2.19584202814803,0.00368759646158553,0.0108426322519162,0.00124489599075234,-2.18529126210342,0.013410294321199,0.00666988162327989,0.00379962840291959,-2.20196433538132,0.00519685170538529,0.0100965905815496,0.00169660224879605
"11426-53",2168,-2.2,0.00995033085316809,-0.7,0.8,0.1,0.264575131106459,0.114316805305155,-2.20323657234952,0.00378782267820514,0.0105695947629883,0.00102943109304591,-2.19695447966607,0.00342383951642806,0.011003179067361,0.00109421714043775,-2.18400984507466,0.012563114714707,0.00512850927781292,0.00372219387722405,-2.19979841619796,0.0045962441037426,0.00936225905590606,0.00147788238782663
"11426-54",2168,-2.2,0.00995033085316809,-0.7,0.8,0.1,0.264575131106459,0.113823991840483,-2.21711313570342,0.00390597234070217,0.0144439627788553,0.00110409456663621,-2.20801292503361,0.00351765035588735,0.0147473215460607,0.00118587583440671,-2.21144568394948,0.01352977264763,0.0126127018022219,0.00390125436489241,-2.21903868383823,0.00444890117276885,0.0150881264919845,0.0013960136384107
"11426-55",2168,-2.2,0.00995033085316809,-0.7,0.8,0.1,0.264575131106459,0.114722637379833,-2.19338667494784,0.00395175160714089,0.00839589013779374,0.00112805760500965,-2.18795784713811,0.00354816267782389,0.00850918030839519,0.00121304708913202,-2.2027079404214,0.0126587039203879,0.0141136740039348,0.00331396304155914,-2.19349150385378,0.00496241906434853,0.00855765829767826,0.00166259781515598
"11426-56",2168,-2.2,0.00995033085316809,-0.7,0.8,0.1,0.264575131106459,0.11443299588205,-2.20057248249154,0.00405083063464376,0.0104033487104629,0.00112359915342835,-2.19385132584037,0.00370699992953662,0.0104803049849547,0.00121796820285346,-2.18548983917135,0.0119917327536333,0.00310940131254949,0.00364940910558581,-2.19979540301759,0.00477365610335828,0.0100678579758721,0.00147846518961521
"11426-57",2168,-2.2,0.00995033085316809,-0.7,0.8,0.1,0.264575131106459,0.114880292697666,-2.19793347127125,0.00387568650162089,0.0105410916258102,0.00108655688566195,-2.19215282619889,0.00348908379002058,0.0112004051486057,0.00116420234862628,-2.19273572365049,0.0137612457224008,0.00662959330432352,0.00382644244340387,-2.19584001706412,0.00543484764738688,0.00958481157587086,0.00182132969396367
"11426-58",2168,-2.2,0.00995033085316809,-0.7,0.8,0.1,0.264575131106459,0.114600086467044,-2.19971106484111,0.00382864143284145,0.010505382635392,0.00112374178282091,-2.19396439176835,0.00342265350410822,0.0111796387027953,0.00120476457010985,-2.20350135168654,0.0134488522475263,0.012419801683459,0.00403421150338159,-2.19770970966826,0.00464808162641904,0.0097093887919089,0.00155606956820402
"11426-59",2168,-2.2,0.00995033085316809,-0.7,0.8,0.1,0.264575131106459,0.114144578059982,-2.19929210304726,0.0039187692092034,0.00843666747811519,0.00107210634596197,-2.19490987920851,0.00352712900678319,0.00916075489263104,0.00115145690791793,-2.18050207635851,0.0126021806795502,0.00924972942669905,0.00315424637139298,-2.19747274465907,0.00476278750186616,0.00766714209835489,0.00148236125586477
"11426-60",2168,-2.2,0.00995033085316809,-0.7,0.8,0.1,0.264575131106459,0.11437936137774,-2.20146992426347,0.00397317955949839,0.010122263820054,0.00109804145969301,-2.19552474200376,0.00359798649567267,0.0106071199427408,0.00118197298510111,-2.21676295910847,0.0124117686183525,0.015046933816092,0.00368506173498129,-2.20400156773043,0.00466531814803127,0.0110884477677567,0.001446457147116
"11426-61",2168,-2.2,0.00995033085316809,-0.7,0.8,0.1,0.264575131106459,0.114701389010051,-2.19429226632637,0.00403402415207733,0.00870664037772077,0.00114231464767942,-2.18977529225098,0.00364693432101911,0.00938250776288464,0.00122459187598056,-2.19128993858115,0.0125332041975611,0.0103918324851068,0.00365173033065973,-2.19147443847701,0.00463971011437307,0.00753172384765932,0.00146386595539678
"11426-62",2168,-2.2,0.00995033085316809,-0.7,0.8,0.1,0.264575131106459,0.114993922639806,-2.19758970954327,0.00376832691430814,0.0105493017380084,0.00106418928771481,-2.19125875186372,0.00336725442009603,0.0109325767014921,0.00113652312276708,-2.21606288213764,0.0113023225762212,0.0141806524010235,0.0032454247862399,-2.19698942877504,0.00471460379645758,0.0105126023464394,0.00155707841923224
"11426-63",2168,-2.2,0.00995033085316809,-0.7,0.8,0.1,0.264575131106459,0.113922030329345,-2.20940401970875,0.003852153140661,0.0120233139169,0.00113707969655925,-2.20250635189164,0.00344044703588637,0.012660212802148,0.00122573588376609,-2.21302360508677,0.0130779034135076,0.0156157213663626,0.00377406674730109,-2.21009885890569,0.00458072248758409,0.0124430758800103,0.00148556040925407
"11426-64",2168,-2.2,0.00995033085316809,-0.7,0.8,0.1,0.264575131106459,0.114525763290454,-2.19844903188819,0.00399227288376932,0.00967564270320251,0.00114672962241034,-2.19338488497638,0.00359308373179909,0.010453080951372,0.00123592636761531,-2.18554025068073,0.0141205346569701,0.00957371810549859,0.00387336155129503,-2.19987300975313,0.00493290865515655,0.0099663832494667,0.00153865919525324
"11426-65",2168,-2.2,0.00995033085316809,-0.7,0.8,0.1,0.264575131106459,0.114292244092706,-2.20547715890841,0.00393291478807119,0.0120478227499026,0.00116425030328761,-2.19927372241563,0.00354901663496699,0.012941398925808,0.00125969139707175,-2.21841097271749,0.0120251728035953,0.0119617956841219,0.00323063066759504,-2.20452823727226,0.00496821633430665,0.0116160649910185,0.00168196837944482
"11426-66",2168,-2.2,0.00995033085316809,-0.7,0.8,0.1,0.264575131106459,0.114390823399266,-2.19939878434568,0.003950549034068,0.00912143837215974,0.00108571080025734,-2.19493884930527,0.00356308196119921,0.00994120573774765,0.00116223683109457,-2.20905279543364,0.0117433031404696,0.012203160132068,0.00334975255212615,-2.20086483695935,0.00498718882700112,0.00988173135499246,0.00166336899495595
"11426-67",2168,-2.2,0.00995033085316809,-0.7,0.8,0.1,0.264575131106459,0.114472993158706,-2.20426757530292,0.0039892943027731,0.0118842290441055,0.0011193707082453,-2.19802880359312,0.00359713303972851,0.0128131958172773,0.00119700242611583,-2.20261114140433,0.0128395870427656,0.0122316296098584,0.00377857715170238,-2.20496666503292,0.00473275446007253,0.0120239899386043,0.00147865491621404
"11426-68",2168,-2.2,0.00995033085316809,-0.7,0.8,0.1,0.264575131106459,0.113996610298161,-2.19755203451908,0.00396764138104785,0.00743735641983318,0.00117084839461104,-2.19342743966821,0.00354875433445585,0.00793476963785062,0.00127011290705426,-2.18101243464598,0.0130585773329155,0.00476201700169422,0.00358029725367095,-2.19531052393084,0.00516403538452732,0.00662616682546128,0.00177141568721878
"11426-69",2168,-2.2,0.00995033085316809,-0.7,0.8,0.1,0.264575131106459,0.114444272909256,-2.20062202469275,0.00380401092414705,0.00999180275439281,0.00106939566087594,-2.19474331075122,0.00341991250586485,0.0103586376324313,0.00113825353411071,-2.19374617974601,0.0121042057928135,0.0073637556180124,0.00328879086927783,-2.19852331412606,0.00466206996955396,0.00906618355258625,0.00146106440205058
"11426-70",2168,-2.2,0.00995033085316809,-0.7,0.8,0.1,0.264575131106459,0.114624051285439,-2.19326971502723,0.004002497643453,0.00763542350344077,0.00110065205768249,-2.18951955315802,0.00361500093237532,0.00838468532168852,0.00118854565554036,-2.2150333956812,0.0129177150288012,0.015145972334193,0.0037816394822525,-2.19436346133837,0.00478755995068882,0.00798177243776668,0.00144300862049381
"11426-71",2168,-2.2,0.00995033085316809,-0.7,0.8,0.1,0.264575131106459,0.114112095239931,-2.2038966254911,0.00404046688377275,0.0109659784544989,0.00117837005999353,-2.19697117543039,0.00364682510425532,0.0111846669556859,0.00127876803820586,-2.19223016271898,0.0134082462373815,0.00872320691345371,0.00448215161764206,-2.20120913037989,0.00525522990705213,0.0096817109554008,0.00180048814742236
"11426-72",2168,-2.2,0.00995033085316809,-0.7,0.8,0.1,0.264575131106459,0.114124180729306,-2.20092530649919,0.00378276548082901,0.00952518274207228,0.0011075773920364,-2.19556777474288,0.00339500433611538,0.0101200653705536,0.001197071636197,-2.19988335937377,0.0120191153881681,0.0149430037815508,0.003324250187562,-2.20271410075869,0.00445775315518451,0.0105086256527804,0.00150319815043723
"11426-73",2168,-2.2,0.00995033085316809,-0.7,0.8,0.1,0.264575131106459,0.114486795115076,-2.19840064512223,0.00397624834476644,0.00929584120016881,0.00113058229360902,-2.19248890539294,0.00355566942336819,0.00950971510335171,0.00120956635571878,-2.19357293166835,0.0109928886519396,0.00665804484156534,0.00313375592035143,-2.19300983306035,0.00477722323182492,0.00726022753698544,0.00160437212848207
"11426-74",2168,-2.2,0.00995033085316809,-0.7,0.8,0.1,0.264575131106459,0.114383535353542,-2.20135445188978,0.00408842540546187,0.0103187687115126,0.00118903580969315,-2.19552116859412,0.00366444295652493,0.0108330747837008,0.00126988348949721,-2.21454350478747,0.0128214724288374,0.0149791976461716,0.00385682366382625,-2.20219097152496,0.00472629459868642,0.0109241185027926,0.0016245219256022
"11426-75",2168,-2.2,0.00995033085316809,-0.7,0.8,0.1,0.264575131106459,0.114132821368833,-2.21078531675776,0.00406180799810035,0.0131807474367575,0.00113099115551299,-2.2029434251271,0.00367723227093067,0.0136964222104744,0.0012254673249871,-2.2127910452054,0.0124818822487283,0.0191315845627825,0.00406958944035696,-2.21202249585947,0.00472058860457506,0.0133757037297609,0.00146122045737344
"11426-76",2168,-2.2,0.00995033085316809,-0.7,0.8,0.1,0.264575131106459,0.114390082785592,-2.20001177484716,0.00406141869325833,0.00954829151883305,0.00113322969915248,-2.19366589147734,0.00364637401534626,0.00965553966436607,0.0012149724673074,-2.19087960843042,0.0134898992357744,0.00494993076768362,0.00401044479343379,-2.19963253728041,0.0047974017715464,0.00956336224853613,0.00155040208769012
"11426-77",2168,-2.2,0.00995033085316809,-0.7,0.8,0.1,0.264575131106459,0.114196418223268,-2.20312755669719,0.00374932034617356,0.010740260544405,0.00110494392773316,-2.19707676892361,0.00336633889177913,0.011382376598315,0.00120262894790629,-2.22560110740638,0.011929510424536,0.0182002125845079,0.00358680402580495,-2.20285581849751,0.00495539137022073,0.0107308516786708,0.00174062375302425
"11426-78",2168,-2.2,0.00995033085316809,-0.7,0.8,0.1,0.264575131106459,0.114455944295078,-2.20246374939925,0.00381553568132989,0.0110285651629841,0.0010726465785517,-2.19541378038044,0.00342596020583095,0.0112602040586409,0.00114831949586229,-2.19808129366501,0.0134080634670632,0.00940426608343637,0.00446699363617127,-2.20133203278071,0.00518093266877809,0.0105264593917209,0.00178956700227022
"11426-79",2168,-2.2,0.00995033085316809,-0.7,0.8,0.1,0.264575131106459,0.114218869460389,-2.19949715579738,0.00391610896709022,0.00895727964982984,0.0011759526847473,-2.19413510400166,0.00347374074453313,0.00933240593072535,0.00126908104842701,-2.21916336619887,0.012023130511912,0.0131456229141408,0.00339872777217175,-2.20267429694559,0.00474209831807343,0.0101728688994553,0.00154801136667731
"11426-80",2168,-2.2,0.00995033085316809,-0.7,0.8,0.1,0.264575131106459,0.114444092903072,-2.19825334416526,0.00376750577276994,0.00950744411741667,0.00110035924980948,-2.19285797697344,0.00338586751212059,0.0100175711031392,0.00119021103151605,-2.20446592436599,0.011361747257049,0.0118059440738404,0.00320650504719523,-2.2004236932709,0.00435223056903259,0.010277109780785,0.00137900901703838
"11426-81",2168,-2.2,0.00995033085316809,-0.7,0.8,0.1,0.264575131106459,0.113966435504192,-2.2059134174745,0.00394109969304397,0.0105111729306651,0.00109905098087158,-2.20019216655539,0.00356906784661588,0.0111819049396946,0.00117668549249346,-2.21712571864072,0.0133971517650379,0.0106770595121871,0.00311879030042379,-2.20755017407876,0.00468820647350773,0.0111404340808097,0.00143713602551198
"11426-82",2168,-2.2,0.00995033085316809,-0.7,0.8,0.1,0.264575131106459,0.114665444686422,-2.19828340378761,0.00390490428614039,0.00993335801054152,0.00108632193073843,-2.1928874807514,0.00353551575726854,0.0104859613702276,0.00116020132772852,-2.18382474476321,0.0121060968756269,0.00110356386658644,0.00422672346709374,-2.19418542850847,0.00424925510293949,0.00833686047951781,0.00127318367728414
"11426-83",2168,-2.2,0.00995033085316809,-0.7,0.8,0.1,0.264575131106459,0.114307709452094,-2.20204309702314,0.00393097751995031,0.0106999585042061,0.00113415004470375,-2.19648128767315,0.00355192043622886,0.0115002627418745,0.00123110154790516,-2.20692684830353,0.0128018888735008,0.0165105385458263,0.0039309032348599,-2.20168571145988,0.00502539258406355,0.0106078454815975,0.00175496516196657
"11426-84",2168,-2.2,0.00995033085316809,-0.7,0.8,0.1,0.264575131106459,0.114753559848593,-2.19572867090199,0.0041433088564702,0.00902682585946709,0.00111269462457609,-2.18981003906323,0.00374634222052258,0.00927687933091595,0.00120650344263438,-2.16751347060663,0.0130208244409705,0.00483598873037767,0.00376307907158301,-2.194701413321,0.00476597537297012,0.0085453800470054,0.00141989580062514
"11426-85",2168,-2.2,0.00995033085316809,-0.7,0.8,0.1,0.264575131106459,0.114528294253075,-2.19510231027863,0.00389475334882553,0.00857765783355987,0.00107599063138794,-2.19098420057304,0.00352213903286986,0.00940313814076358,0.00114399488520276,-2.20334628341337,0.0126136054130346,0.00889679547595517,0.00368500996276427,-2.19504942139698,0.0050288049307245,0.00858605367814273,0.00165157775976676
"11426-86",2168,-2.2,0.00995033085316809,-0.7,0.8,0.1,0.264575131106459,0.114702918821318,-2.19516267273402,0.00406908302509713,0.00883743462288169,0.00115638173869919,-2.19109547477526,0.00364463359499477,0.00990927868134244,0.00125209699010009,-2.19170561873808,0.0116714034060762,0.00788801190008872,0.0035224721081505,-2.19339542808856,0.00480675299677469,0.0081525862043384,0.00151966761068024
"11426-87",2168,-2.2,0.00995033085316809,-0.7,0.8,0.1,0.264575131106459,0.115033949279835,-2.19815797879033,0.00385247740461835,0.0110281955415142,0.00111753521469166,-2.19178168823842,0.00343408578756155,0.0116358313386339,0.00119956802916255,-2.20799547606536,0.0125375864687981,0.0144558855377126,0.00349802355769133,-2.19754241595491,0.00434589330171782,0.0108670736269291,0.00138193420364885
"11426-88",2168,-2.2,0.00995033085316809,-0.7,0.8,0.1,0.264575131106459,0.114561785508434,-2.20505875290772,0.00399708997195755,0.0123121350323346,0.00113953609931211,-2.19874182246962,0.00360164691333879,0.0133613532149898,0.00123234654142759,-2.19652762069238,0.0128844133568561,0.00944221117478021,0.00348918758855329,-2.20269247077628,0.00477108295954161,0.0114153397358542,0.00152797808991897
"11426-89",2168,-2.2,0.00995033085316809,-0.7,0.8,0.1,0.264575131106459,0.114240181895959,-2.20304719718555,0.00390908415687103,0.0106454720553817,0.00114422942926291,-2.19737547662927,0.00349358970252754,0.0115257500457795,0.00123631807509594,-2.19536316655304,0.0124732494784352,0.0079096906095952,0.00342120363124816,-2.20467116872775,0.00458400127751444,0.011502424399068,0.00149948595643694
"11426-90",2168,-2.2,0.00995033085316809,-0.7,0.8,0.1,0.264575131106459,0.114082313040058,-2.20329164729889,0.00391764118607025,0.0103739499509081,0.00111611557234747,-2.19724801528127,0.00355739385569248,0.0107752395574762,0.00121321326535536,-2.20610700412173,0.0117742843642013,0.0141454744206145,0.00305974541688598,-2.20410129541841,0.00483803467328846,0.0107990622087951,0.00166237432635996
"11426-91",2168,-2.2,0.00995033085316809,-0.7,0.8,0.1,0.264575131106459,0.114584102975166,-2.19936360579586,0.0038174166679106,0.0102788704367961,0.00110176088984573,-2.19337667198584,0.00342191500201854,0.0107349592336944,0.00117810947705017,-2.19087487576572,0.012010138944094,0.00856697571738058,0.00322156263027349,-2.19905339413393,0.00477007529380175,0.010054469947485,0.00156677447745468
"11426-92",2168,-2.2,0.00995033085316809,-0.7,0.8,0.1,0.264575131106459,0.114414265027616,-2.20313117488886,0.00399833346777617,0.0106739762220656,0.00112124308653026,-2.19685691746619,0.00361085551148947,0.0111247928934093,0.00120854598014453,-2.21232652775084,0.0131327190235029,0.0105194726021765,0.00360950210302801,-2.20602868703928,0.00478196803492116,0.0117770236159405,0.00149855798227533
"11426-93",2168,-2.2,0.00995033085316809,-0.7,0.8,0.1,0.264575131106459,0.114442645613079,-2.19935550929594,0.00405436301108878,0.00935360662306426,0.00114128170564345,-2.19381411537643,0.00363380198123068,0.00981153287976285,0.0012219071017203,-2.20134047636272,0.0133668265521028,0.00663989496365908,0.00347236038217519,-2.19893792516223,0.00464350329691444,0.00938066870568939,0.0014794196717591
"11426-94",2168,-2.2,0.00995033085316809,-0.7,0.8,0.1,0.264575131106459,0.114529695426845,-2.2013619860302,0.00416509089480059,0.0101312781142889,0.00111909542566503,-2.19579402661049,0.00378958331329148,0.0107137454810915,0.00119538357763003,-2.2074549684311,0.0117756356387736,0.00793322189630181,0.00321896740625179,-2.20498790851591,0.0049440639277988,0.0115881350242041,0.00154412491491018
"11426-95",2168,-2.2,0.00995033085316809,-0.7,0.8,0.1,0.264575131106459,0.11480678060891,-2.20279647800261,0.00393220770865401,0.012233151173857,0.00113158629451458,-2.19531837797999,0.00352193392664294,0.0126906018290877,0.00121749426656026,-2.20840395823549,0.0117732684898245,0.0142925763232393,0.00320816484584448,-2.20090979045436,0.00549458798098874,0.0111789015554101,0.00190424006599043
"11426-96",2168,-2.2,0.00995033085316809,-0.7,0.8,0.1,0.264575131106459,0.114295969078308,-2.20232944980957,0.00387388768384718,0.0107936724467215,0.00111586395193326,-2.19585653055119,0.00348335616907928,0.0111182082925571,0.00119018546486563,-2.19521733701181,0.0129805637751971,0.00618259198615229,0.00424103664219597,-2.20417320910105,0.00436609893658618,0.0111931808137783,0.00132538892068227
"11426-97",2168,-2.2,0.00995033085316809,-0.7,0.8,0.1,0.264575131106459,0.11443558960513,-2.198051738015,0.00384774616595356,0.00907910654697607,0.00105168771925657,-2.19300005092749,0.00350118620725275,0.00961639280269683,0.00114136721387854,-2.19930006139208,0.0125123173326524,0.0094399065967324,0.00279599751745561,-2.1992945099121,0.00461294998965952,0.0094106538577509,0.00144242361276885
"11426-98",2168,-2.2,0.00995033085316809,-0.7,0.8,0.1,0.264575131106459,0.114812826664843,-2.1971827056125,0.00411731414911764,0.00983254083271516,0.0011355775569895,-2.19174088581312,0.00373560714622698,0.0104017438214628,0.00122019835404826,-2.20684675151021,0.0117966074791942,0.0100863706638411,0.0033222214175884,-2.19592829912775,0.00514521821962965,0.00964070575598998,0.0016599626203761
"11426-99",2168,-2.2,0.00995033085316809,-0.7,0.8,0.1,0.264575131106459,0.114071302337622,-2.20215885850067,0.00388812137685355,0.00974309444272191,0.00114518673866579,-2.19680438863923,0.00348753552558016,0.0104146141257001,0.00124307039133113,-2.17392370079947,0.0125656219865112,0.00518976752577085,0.00377038703209945,-2.20110714534668,0.00514577187241019,0.0092217333584723,0.0018089348171997
"11426-100",2168,-2.2,0.00995033085316809,-0.7,0.8,0.1,0.264575131106459,0.114218504197716,-2.19998268676015,0.00414741763611612,0.00893217522864834,0.00113784240290983,-2.19543351134226,0.00374333437053751,0.00976026088115882,0.00121887099882042,-2.19488903486771,0.0118871348574513,0.00985075802599287,0.00313584624283647,-2.20018661974037,0.00503293010982888,0.00925133480310366,0.00167282762532039
